-- MySQL dump 10.13  Distrib 8.0.26, for Win64 (x86_64)
--
-- Host: localhost    Database: ueit_jkpt
-- ------------------------------------------------------
-- Server version	8.0.26

/*!40101 SET @OLD_CHARACTER_SET_CLIENT=@@CHARACTER_SET_CLIENT */;
/*!40101 SET @OLD_CHARACTER_SET_RESULTS=@@CHARACTER_SET_RESULTS */;
/*!40101 SET @OLD_COLLATION_CONNECTION=@@COLLATION_CONNECTION */;
/*!50503 SET NAMES utf8mb4 */;
/*!40103 SET @OLD_TIME_ZONE=@@TIME_ZONE */;
/*!40103 SET TIME_ZONE='+00:00' */;
/*!40014 SET @OLD_UNIQUE_CHECKS=@@UNIQUE_CHECKS, UNIQUE_CHECKS=0 */;
/*!40014 SET @OLD_FOREIGN_KEY_CHECKS=@@FOREIGN_KEY_CHECKS, FOREIGN_KEY_CHECKS=0 */;
/*!40101 SET @OLD_SQL_MODE=@@SQL_MODE, SQL_MODE='NO_AUTO_VALUE_ON_ZERO' */;
/*!40111 SET @OLD_SQL_NOTES=@@SQL_NOTES, SQL_NOTES=0 */;

--
-- Table structure for table `ai_abnormal_record`
--

DROP TABLE IF EXISTS `ai_abnormal_record`;
/*!40101 SET @saved_cs_client     = @@character_set_client */;
/*!50503 SET character_set_client = utf8mb4 */;
CREATE TABLE `ai_abnormal_record` (
  `id` bigint NOT NULL AUTO_INCREMENT,
  `user_id` bigint NOT NULL COMMENT 'з”ЁжҲ·ID',
  `device_id` varchar(64) DEFAULT NULL COMMENT 'и®ҫеӨҮID',
  `metric_type` varchar(32) NOT NULL COMMENT 'жҢҮж Үзұ»еһӢ(heart_rate/blood_pressure/temp/spo2)',
  `abnormal_value` varchar(64) NOT NULL COMMENT 'ејӮеёёеҖј',
  `normal_range` varchar(64) DEFAULT NULL COMMENT 'жӯЈеёёиҢғеӣҙ',
  `abnormal_type` varchar(32) DEFAULT NULL COMMENT 'ејӮеёёзұ»еһӢ(too_high/too_low)',
  `risk_level` varchar(16) DEFAULT NULL COMMENT 'йЈҺйҷ©зӯүзә§(danger/warning/normal)',
  `detection_method` varchar(32) DEFAULT NULL COMMENT 'жЈҖжөӢж–№жі•(threshold/statistical)',
  `detected_time` datetime NOT NULL COMMENT 'жЈҖжөӢж—¶й—ҙ',
  `create_time` datetime DEFAULT CURRENT_TIMESTAMP,
  PRIMARY KEY (`id`)
) ENGINE=InnoDB DEFAULT CHARSET=utf8mb4 COLLATE=utf8mb4_0900_ai_ci COMMENT='ејӮеёёжЈҖжөӢи®°еҪ•иЎЁ';
/*!40101 SET character_set_client = @saved_cs_client */;

--
-- Dumping data for table `ai_abnormal_record`
--

LOCK TABLES `ai_abnormal_record` WRITE;
/*!40000 ALTER TABLE `ai_abnormal_record` DISABLE KEYS */;
/*!40000 ALTER TABLE `ai_abnormal_record` ENABLE KEYS */;
UNLOCK TABLES;

--
-- Table structure for table `ai_data_quality_record`
--

DROP TABLE IF EXISTS `ai_data_quality_record`;
/*!40101 SET @saved_cs_client     = @@character_set_client */;
/*!50503 SET character_set_client = utf8mb4 */;
CREATE TABLE `ai_data_quality_record` (
  `id` bigint NOT NULL AUTO_INCREMENT,
  `user_id` bigint NOT NULL COMMENT 'з”ЁжҲ·ID',
  `metric_type` varchar(32) NOT NULL COMMENT 'жҢҮж Үзұ»еһӢ',
  `missing_count` int DEFAULT NULL COMMENT 'зјәеӨұж•°йҮҸ',
  `missing_rate` decimal(5,2) DEFAULT NULL COMMENT 'зјәеӨұзҺҮ',
  `outlier_count` int DEFAULT NULL COMMENT 'ејӮеёёеҖјж•°йҮҸ',
  `outlier_rate` decimal(5,2) DEFAULT NULL COMMENT 'ејӮеёёеҖјзҺҮ',
  `fill_method` varchar(32) DEFAULT NULL COMMENT 'еЎ«е……ж–№жі•',
  `quality_score` int DEFAULT NULL COMMENT 'иҙЁйҮҸиҜ„еҲҶ(0-100)',
  `check_time` datetime NOT NULL COMMENT 'жЈҖжҹҘж—¶й—ҙ',
  `create_time` datetime DEFAULT CURRENT_TIMESTAMP,
  PRIMARY KEY (`id`)
) ENGINE=InnoDB DEFAULT CHARSET=utf8mb4 COLLATE=utf8mb4_0900_ai_ci COMMENT='ж•°жҚ®иҙЁйҮҸи®°еҪ•иЎЁ';
/*!40101 SET character_set_client = @saved_cs_client */;

--
-- Dumping data for table `ai_data_quality_record`
--

LOCK TABLES `ai_data_quality_record` WRITE;
/*!40000 ALTER TABLE `ai_data_quality_record` DISABLE KEYS */;
/*!40000 ALTER TABLE `ai_data_quality_record` ENABLE KEYS */;
UNLOCK TABLES;

--
-- Table structure for table `ai_fall_alarm_record`
--

DROP TABLE IF EXISTS `ai_fall_alarm_record`;
/*!40101 SET @saved_cs_client     = @@character_set_client */;
/*!50503 SET character_set_client = utf8mb4 */;
CREATE TABLE `ai_fall_alarm_record` (
  `id` bigint NOT NULL AUTO_INCREMENT,
  `user_id` bigint NOT NULL COMMENT 'з”ЁжҲ·ID',
  `original_alarm_id` bigint DEFAULT NULL COMMENT 'еҺҹе§Ӣе‘ҠиӯҰID',
  `is_valid` tinyint(1) DEFAULT NULL COMMENT 'жҳҜеҗҰжңүж•Ҳе‘ҠиӯҰ',
  `validation_reason` text COMMENT 'ж ЎйӘҢеҺҹеӣ ',
  `acceleration_peak` decimal(10,2) DEFAULT NULL COMMENT 'еҠ йҖҹеәҰеі°еҖј',
  `has_removal_alert` tinyint(1) DEFAULT NULL COMMENT '1е°Ҹж—¶еҶ…жҳҜеҗҰжңүж‘ҳи„ұе‘ҠиӯҰ',
  `recent_steps` int DEFAULT NULL COMMENT 'жңҖиҝ‘1е°Ҹж—¶жӯҘж•°',
  `validation_time` datetime NOT NULL COMMENT 'ж ЎйӘҢж—¶й—ҙ',
  `create_time` datetime DEFAULT CURRENT_TIMESTAMP,
  PRIMARY KEY (`id`)
) ENGINE=InnoDB DEFAULT CHARSET=utf8mb4 COLLATE=utf8mb4_0900_ai_ci COMMENT='и·ҢеҖ’е‘ҠиӯҰи®°еҪ•иЎЁ';
/*!40101 SET character_set_client = @saved_cs_client */;

--
-- Dumping data for table `ai_fall_alarm_record`
--

LOCK TABLES `ai_fall_alarm_record` WRITE;
/*!40000 ALTER TABLE `ai_fall_alarm_record` DISABLE KEYS */;
/*!40000 ALTER TABLE `ai_fall_alarm_record` ENABLE KEYS */;
UNLOCK TABLES;

--
-- Table structure for table `ai_health_record`
--

DROP TABLE IF EXISTS `ai_health_record`;
/*!40101 SET @saved_cs_client     = @@character_set_client */;
/*!50503 SET character_set_client = utf8mb4 */;
CREATE TABLE `ai_health_record` (
  `id` bigint NOT NULL AUTO_INCREMENT COMMENT 'дё»й”®ID',
  `device_id` varchar(64) COLLATE utf8mb4_unicode_ci NOT NULL COMMENT 'и®ҫеӨҮID',
  `user_id` bigint DEFAULT NULL COMMENT 'з”ЁжҲ·ID',
  `risk_level` varchar(16) COLLATE utf8mb4_unicode_ci NOT NULL COMMENT 'йЈҺйҷ©зӯүзә§(low/medium/high/critical)',
  `risk_score` decimal(5,4) NOT NULL COMMENT 'йЈҺйҷ©иҜ„еҲҶ(0.0000-1.0000)',
  `anomaly_count` int DEFAULT '0' COMMENT 'ејӮеёёж•°йҮҸ',
  `risk_factors` text COLLATE utf8mb4_unicode_ci COMMENT 'йЈҺйҷ©еӣ зҙ JSON',
  `raw_data` json DEFAULT NULL COMMENT 'еҺҹе§ӢдҪ“еҫҒж•°жҚ®',
  `data_points` int DEFAULT '0' COMMENT 'ж•°жҚ®зӮ№ж•°йҮҸ',
  `create_time` datetime DEFAULT CURRENT_TIMESTAMP COMMENT 'еҲӣе»әж—¶й—ҙ',
  `update_time` datetime DEFAULT CURRENT_TIMESTAMP ON UPDATE CURRENT_TIMESTAMP COMMENT 'жӣҙж–°ж—¶й—ҙ',
  PRIMARY KEY (`id`),
  KEY `idx_device_id` (`device_id`),
  KEY `idx_user_id` (`user_id`),
  KEY `idx_risk_level` (`risk_level`),
  KEY `idx_create_time` (`create_time`)
) ENGINE=InnoDB AUTO_INCREMENT=2 DEFAULT CHARSET=utf8mb4 COLLATE=utf8mb4_unicode_ci COMMENT='AIеҒҘеә·еҲҶжһҗи®°еҪ•иЎЁ';
/*!40101 SET character_set_client = @saved_cs_client */;

--
-- Dumping data for table `ai_health_record`
--

LOCK TABLES `ai_health_record` WRITE;
/*!40000 ALTER TABLE `ai_health_record` DISABLE KEYS */;
INSERT INTO `ai_health_record` VALUES (1,'TEST_DEVICE_001',NULL,'low',0.0000,1,'[\"еҗ„йЎ№жҢҮж ҮжӯЈеёё\"]','[{\"steps\": 500, \"timestamp\": 1769665269851, \"heart_rate\": 72, \"blood_pressure\": \"118/76\"}, {\"steps\": 800, \"timestamp\": 1769665329851, \"heart_rate\": 75, \"blood_pressure\": \"120/80\"}, {\"steps\": 1200, \"timestamp\": 1769665389851, \"heart_rate\": 73, \"blood_pressure\": \"119/78\"}, {\"steps\": 1500, \"timestamp\": 1769665449851, \"heart_rate\": 76, \"blood_pressure\": \"121/79\"}, {\"steps\": 2000, \"timestamp\": 1769665509851, \"heart_rate\": 74, \"blood_pressure\": \"118/77\"}, {\"steps\": 2300, \"timestamp\": 1769665569851, \"heart_rate\": 77, \"blood_pressure\": \"122/81\"}, {\"steps\": 2800, \"timestamp\": 1769665629851, \"heart_rate\": 75, \"blood_pressure\": \"120/80\"}, {\"steps\": 3200, \"timestamp\": 1769665689851, \"heart_rate\": 78, \"blood_pressure\": \"123/82\"}, {\"steps\": 3500, \"timestamp\": 1769665749851, \"heart_rate\": 76, \"blood_pressure\": \"121/80\"}, {\"steps\": 3800, \"timestamp\": 1769665809851, \"heart_rate\": 74, \"blood_pressure\": \"119/78\"}, {\"steps\": 100, \"timestamp\": 1769665869851, \"heart_rate\": 130, \"blood_pressure\": \"140/95\"}]',11,'2026-01-29 13:51:10','2026-01-29 13:51:10');
/*!40000 ALTER TABLE `ai_health_record` ENABLE KEYS */;
UNLOCK TABLES;

--
-- Table structure for table `ai_risk_score_record`
--

DROP TABLE IF EXISTS `ai_risk_score_record`;
/*!40101 SET @saved_cs_client     = @@character_set_client */;
/*!50503 SET character_set_client = utf8mb4 */;
CREATE TABLE `ai_risk_score_record` (
  `id` bigint NOT NULL AUTO_INCREMENT,
  `user_id` bigint NOT NULL COMMENT 'з”ЁжҲ·ID',
  `total_score` int DEFAULT NULL COMMENT 'жҖ»иҜ„еҲҶ(0-100)',
  `risk_level` varchar(16) DEFAULT NULL COMMENT 'йЈҺйҷ©зӯүзә§(high/medium/low/normal)',
  `heart_rate_score` int DEFAULT NULL COMMENT 'еҝғзҺҮиҜ„еҲҶ',
  `blood_pressure_score` int DEFAULT NULL COMMENT 'иЎҖеҺӢиҜ„еҲҶ',
  `blood_oxygen_score` int DEFAULT NULL COMMENT 'иЎҖж°§иҜ„еҲҶ',
  `temperature_score` int DEFAULT NULL COMMENT 'дҪ“жё©иҜ„еҲҶ',
  `warnings` json DEFAULT NULL COMMENT 'ејӮеёёеҺҹеӣ еҲ—иЎЁ',
  `score_time` datetime NOT NULL COMMENT 'иҜ„еҲҶж—¶й—ҙ',
  `create_time` datetime DEFAULT CURRENT_TIMESTAMP,
  PRIMARY KEY (`id`)
) ENGINE=InnoDB DEFAULT CHARSET=utf8mb4 COLLATE=utf8mb4_0900_ai_ci COMMENT='йЈҺйҷ©иҜ„еҲҶи®°еҪ•иЎЁ';
/*!40101 SET character_set_client = @saved_cs_client */;

--
-- Dumping data for table `ai_risk_score_record`
--

LOCK TABLES `ai_risk_score_record` WRITE;
/*!40000 ALTER TABLE `ai_risk_score_record` DISABLE KEYS */;
/*!40000 ALTER TABLE `ai_risk_score_record` ENABLE KEYS */;
UNLOCK TABLES;

--
-- Table structure for table `ai_trend_record`
--

DROP TABLE IF EXISTS `ai_trend_record`;
/*!40101 SET @saved_cs_client     = @@character_set_client */;
/*!50503 SET character_set_client = utf8mb4 */;
CREATE TABLE `ai_trend_record` (
  `id` bigint NOT NULL AUTO_INCREMENT,
  `user_id` bigint NOT NULL COMMENT 'з”ЁжҲ·ID',
  `metric_type` varchar(32) NOT NULL COMMENT 'жҢҮж Үзұ»еһӢ',
  `trend_direction` varchar(16) DEFAULT NULL COMMENT 'и¶ӢеҠҝж–№еҗ‘(up/down/stable)',
  `trend_strength` decimal(5,2) DEFAULT NULL COMMENT 'и¶ӢеҠҝејәеәҰ',
  `predicted_value` decimal(10,2) DEFAULT NULL COMMENT 'йў„жөӢеҖј',
  `prediction_confidence` decimal(5,2) DEFAULT NULL COMMENT 'йў„жөӢзҪ®дҝЎеәҰ',
  `analysis_time` datetime NOT NULL COMMENT 'еҲҶжһҗж—¶й—ҙ',
  `create_time` datetime DEFAULT CURRENT_TIMESTAMP,
  PRIMARY KEY (`id`)
) ENGINE=InnoDB DEFAULT CHARSET=utf8mb4 COLLATE=utf8mb4_0900_ai_ci COMMENT='и¶ӢеҠҝеҲҶжһҗи®°еҪ•иЎЁ';
/*!40101 SET character_set_client = @saved_cs_client */;

--
-- Dumping data for table `ai_trend_record`
--

LOCK TABLES `ai_trend_record` WRITE;
/*!40000 ALTER TABLE `ai_trend_record` DISABLE KEYS */;
/*!40000 ALTER TABLE `ai_trend_record` ENABLE KEYS */;
UNLOCK TABLES;

--
-- Table structure for table `gen_table`
--

DROP TABLE IF EXISTS `gen_table`;
/*!40101 SET @saved_cs_client     = @@character_set_client */;
/*!50503 SET character_set_client = utf8mb4 */;
CREATE TABLE `gen_table` (
  `table_id` bigint NOT NULL AUTO_INCREMENT COMMENT 'зј–еҸ·',
  `table_name` varchar(200) COLLATE utf8mb4_general_ci DEFAULT '' COMMENT 'иЎЁеҗҚз§°',
  `table_comment` varchar(500) COLLATE utf8mb4_general_ci DEFAULT '' COMMENT 'иЎЁжҸҸиҝ°',
  `sub_table_name` varchar(64) COLLATE utf8mb4_general_ci DEFAULT NULL COMMENT 'е…іиҒ”еӯҗиЎЁзҡ„иЎЁеҗҚ',
  `sub_table_fk_name` varchar(64) COLLATE utf8mb4_general_ci DEFAULT NULL COMMENT 'еӯҗиЎЁе…іиҒ”зҡ„еӨ–й”®еҗҚ',
  `class_name` varchar(100) COLLATE utf8mb4_general_ci DEFAULT '' COMMENT 'е®һдҪ“зұ»еҗҚз§°',
  `tpl_category` varchar(200) COLLATE utf8mb4_general_ci DEFAULT 'crud' COMMENT 'дҪҝз”Ёзҡ„жЁЎжқҝпјҲcrudеҚ•иЎЁж“ҚдҪң treeж ‘иЎЁж“ҚдҪңпјү',
  `tpl_web_type` varchar(30) COLLATE utf8mb4_general_ci DEFAULT '' COMMENT 'еүҚз«ҜжЁЎжқҝзұ»еһӢпјҲelement-uiжЁЎзүҲ element-plusжЁЎзүҲпјү',
  `package_name` varchar(100) COLLATE utf8mb4_general_ci DEFAULT NULL COMMENT 'з”ҹжҲҗеҢ…и·Ҝеҫ„',
  `module_name` varchar(30) COLLATE utf8mb4_general_ci DEFAULT NULL COMMENT 'з”ҹжҲҗжЁЎеқ—еҗҚ',
  `business_name` varchar(30) COLLATE utf8mb4_general_ci DEFAULT NULL COMMENT 'з”ҹжҲҗдёҡеҠЎеҗҚ',
  `function_name` varchar(50) COLLATE utf8mb4_general_ci DEFAULT NULL COMMENT 'з”ҹжҲҗеҠҹиғҪеҗҚ',
  `function_author` varchar(50) COLLATE utf8mb4_general_ci DEFAULT NULL COMMENT 'з”ҹжҲҗеҠҹиғҪдҪңиҖ…',
  `gen_type` char(1) COLLATE utf8mb4_general_ci DEFAULT '0' COMMENT 'з”ҹжҲҗд»Јз Ғж–№ејҸпјҲ0zipеҺӢзј©еҢ… 1иҮӘе®ҡд№үи·Ҝеҫ„пјү',
  `gen_path` varchar(200) COLLATE utf8mb4_general_ci DEFAULT '/' COMMENT 'з”ҹжҲҗи·Ҝеҫ„пјҲдёҚеЎ«й»ҳи®ӨйЎ№зӣ®и·Ҝеҫ„пјү',
  `options` varchar(1000) COLLATE utf8mb4_general_ci DEFAULT NULL COMMENT 'е…¶е®ғз”ҹжҲҗйҖүйЎ№',
  `create_by` varchar(64) COLLATE utf8mb4_general_ci DEFAULT '' COMMENT 'еҲӣе»әиҖ…',
  `create_time` datetime DEFAULT NULL COMMENT 'еҲӣе»әж—¶й—ҙ',
  `update_by` varchar(64) COLLATE utf8mb4_general_ci DEFAULT '' COMMENT 'жӣҙж–°иҖ…',
  `update_time` datetime DEFAULT NULL COMMENT 'жӣҙж–°ж—¶й—ҙ',
  `remark` varchar(500) COLLATE utf8mb4_general_ci DEFAULT NULL COMMENT 'еӨҮжіЁ',
  PRIMARY KEY (`table_id`)
) ENGINE=InnoDB DEFAULT CHARSET=utf8mb4 COLLATE=utf8mb4_general_ci COMMENT='д»Јз Ғз”ҹжҲҗдёҡеҠЎиЎЁ';
/*!40101 SET character_set_client = @saved_cs_client */;

--
-- Dumping data for table `gen_table`
--

LOCK TABLES `gen_table` WRITE;
/*!40000 ALTER TABLE `gen_table` DISABLE KEYS */;
/*!40000 ALTER TABLE `gen_table` ENABLE KEYS */;
UNLOCK TABLES;

--
-- Table structure for table `gen_table_column`
--

DROP TABLE IF EXISTS `gen_table_column`;
/*!40101 SET @saved_cs_client     = @@character_set_client */;
/*!50503 SET character_set_client = utf8mb4 */;
CREATE TABLE `gen_table_column` (
  `column_id` bigint NOT NULL AUTO_INCREMENT COMMENT 'зј–еҸ·',
  `table_id` bigint DEFAULT NULL COMMENT 'еҪ’еұһиЎЁзј–еҸ·',
  `column_name` varchar(200) COLLATE utf8mb4_general_ci DEFAULT NULL COMMENT 'еҲ—еҗҚз§°',
  `column_comment` varchar(500) COLLATE utf8mb4_general_ci DEFAULT NULL COMMENT 'еҲ—жҸҸиҝ°',
  `column_type` varchar(100) COLLATE utf8mb4_general_ci DEFAULT NULL COMMENT 'еҲ—зұ»еһӢ',
  `java_type` varchar(500) COLLATE utf8mb4_general_ci DEFAULT NULL COMMENT 'JAVAзұ»еһӢ',
  `java_field` varchar(200) COLLATE utf8mb4_general_ci DEFAULT NULL COMMENT 'JAVAеӯ—ж®өеҗҚ',
  `is_pk` char(1) COLLATE utf8mb4_general_ci DEFAULT NULL COMMENT 'жҳҜеҗҰдё»й”®пјҲ1жҳҜпјү',
  `is_increment` char(1) COLLATE utf8mb4_general_ci DEFAULT NULL COMMENT 'жҳҜеҗҰиҮӘеўһпјҲ1жҳҜпјү',
  `is_required` char(1) COLLATE utf8mb4_general_ci DEFAULT NULL COMMENT 'жҳҜеҗҰеҝ…еЎ«пјҲ1жҳҜпјү',
  `is_insert` char(1) COLLATE utf8mb4_general_ci DEFAULT NULL COMMENT 'жҳҜеҗҰдёәжҸ’е…Ҙеӯ—ж®өпјҲ1жҳҜпјү',
  `is_edit` char(1) COLLATE utf8mb4_general_ci DEFAULT NULL COMMENT 'жҳҜеҗҰзј–иҫ‘еӯ—ж®өпјҲ1жҳҜпјү',
  `is_list` char(1) COLLATE utf8mb4_general_ci DEFAULT NULL COMMENT 'жҳҜеҗҰеҲ—иЎЁеӯ—ж®өпјҲ1жҳҜпјү',
  `is_query` char(1) COLLATE utf8mb4_general_ci DEFAULT NULL COMMENT 'жҳҜеҗҰжҹҘиҜўеӯ—ж®өпјҲ1жҳҜпјү',
  `query_type` varchar(200) COLLATE utf8mb4_general_ci DEFAULT 'EQ' COMMENT 'жҹҘиҜўж–№ејҸпјҲзӯүдәҺгҖҒдёҚзӯүдәҺгҖҒеӨ§дәҺгҖҒе°ҸдәҺгҖҒиҢғеӣҙпјү',
  `html_type` varchar(200) COLLATE utf8mb4_general_ci DEFAULT NULL COMMENT 'жҳҫзӨәзұ»еһӢпјҲж–Үжң¬жЎҶгҖҒж–Үжң¬еҹҹгҖҒдёӢжӢүжЎҶгҖҒеӨҚйҖүжЎҶгҖҒеҚ•йҖүжЎҶгҖҒж—ҘжңҹжҺ§д»¶пјү',
  `dict_type` varchar(200) COLLATE utf8mb4_general_ci DEFAULT '' COMMENT 'еӯ—е…ёзұ»еһӢ',
  `sort` int DEFAULT NULL COMMENT 'жҺ’еәҸ',
  `create_by` varchar(64) COLLATE utf8mb4_general_ci DEFAULT '' COMMENT 'еҲӣе»әиҖ…',
  `create_time` datetime DEFAULT NULL COMMENT 'еҲӣе»әж—¶й—ҙ',
  `update_by` varchar(64) COLLATE utf8mb4_general_ci DEFAULT '' COMMENT 'жӣҙж–°иҖ…',
  `update_time` datetime DEFAULT NULL COMMENT 'жӣҙж–°ж—¶й—ҙ',
  PRIMARY KEY (`column_id`)
) ENGINE=InnoDB DEFAULT CHARSET=utf8mb4 COLLATE=utf8mb4_general_ci COMMENT='д»Јз Ғз”ҹжҲҗдёҡеҠЎиЎЁеӯ—ж®ө';
/*!40101 SET character_set_client = @saved_cs_client */;

--
-- Dumping data for table `gen_table_column`
--

LOCK TABLES `gen_table_column` WRITE;
/*!40000 ALTER TABLE `gen_table_column` DISABLE KEYS */;
/*!40000 ALTER TABLE `gen_table_column` ENABLE KEYS */;
UNLOCK TABLES;

--
-- Table structure for table `qrtz_blob_triggers`
--

DROP TABLE IF EXISTS `qrtz_blob_triggers`;
/*!40101 SET @saved_cs_client     = @@character_set_client */;
/*!50503 SET character_set_client = utf8mb4 */;
CREATE TABLE `qrtz_blob_triggers` (
  `sched_name` varchar(120) COLLATE utf8mb4_general_ci NOT NULL COMMENT 'и°ғеәҰеҗҚз§°',
  `trigger_name` varchar(200) COLLATE utf8mb4_general_ci NOT NULL COMMENT 'qrtz_triggersиЎЁtrigger_nameзҡ„еӨ–й”®',
  `trigger_group` varchar(200) COLLATE utf8mb4_general_ci NOT NULL COMMENT 'qrtz_triggersиЎЁtrigger_groupзҡ„еӨ–й”®',
  `blob_data` blob COMMENT 'еӯҳж”ҫжҢҒд№…еҢ–TriggerеҜ№иұЎ',
  PRIMARY KEY (`sched_name`,`trigger_name`,`trigger_group`),
  CONSTRAINT `qrtz_blob_triggers_ibfk_1` FOREIGN KEY (`sched_name`, `trigger_name`, `trigger_group`) REFERENCES `qrtz_triggers` (`sched_name`, `trigger_name`, `trigger_group`)
) ENGINE=InnoDB DEFAULT CHARSET=utf8mb4 COLLATE=utf8mb4_general_ci COMMENT='Blobзұ»еһӢзҡ„и§ҰеҸ‘еҷЁиЎЁ';
/*!40101 SET character_set_client = @saved_cs_client */;

--
-- Dumping data for table `qrtz_blob_triggers`
--

LOCK TABLES `qrtz_blob_triggers` WRITE;
/*!40000 ALTER TABLE `qrtz_blob_triggers` DISABLE KEYS */;
/*!40000 ALTER TABLE `qrtz_blob_triggers` ENABLE KEYS */;
UNLOCK TABLES;

--
-- Table structure for table `qrtz_calendars`
--

DROP TABLE IF EXISTS `qrtz_calendars`;
/*!40101 SET @saved_cs_client     = @@character_set_client */;
/*!50503 SET character_set_client = utf8mb4 */;
CREATE TABLE `qrtz_calendars` (
  `sched_name` varchar(120) COLLATE utf8mb4_general_ci NOT NULL COMMENT 'и°ғеәҰеҗҚз§°',
  `calendar_name` varchar(200) COLLATE utf8mb4_general_ci NOT NULL COMMENT 'ж—ҘеҺҶеҗҚз§°',
  `calendar` blob NOT NULL COMMENT 'еӯҳж”ҫжҢҒд№…еҢ–calendarеҜ№иұЎ',
  PRIMARY KEY (`sched_name`,`calendar_name`)
) ENGINE=InnoDB DEFAULT CHARSET=utf8mb4 COLLATE=utf8mb4_general_ci COMMENT='ж—ҘеҺҶдҝЎжҒҜиЎЁ';
/*!40101 SET character_set_client = @saved_cs_client */;

--
-- Dumping data for table `qrtz_calendars`
--

LOCK TABLES `qrtz_calendars` WRITE;
/*!40000 ALTER TABLE `qrtz_calendars` DISABLE KEYS */;
/*!40000 ALTER TABLE `qrtz_calendars` ENABLE KEYS */;
UNLOCK TABLES;

--
-- Table structure for table `qrtz_cron_triggers`
--

DROP TABLE IF EXISTS `qrtz_cron_triggers`;
/*!40101 SET @saved_cs_client     = @@character_set_client */;
/*!50503 SET character_set_client = utf8mb4 */;
CREATE TABLE `qrtz_cron_triggers` (
  `sched_name` varchar(120) COLLATE utf8mb4_general_ci NOT NULL COMMENT 'и°ғеәҰеҗҚз§°',
  `trigger_name` varchar(200) COLLATE utf8mb4_general_ci NOT NULL COMMENT 'qrtz_triggersиЎЁtrigger_nameзҡ„еӨ–й”®',
  `trigger_group` varchar(200) COLLATE utf8mb4_general_ci NOT NULL COMMENT 'qrtz_triggersиЎЁtrigger_groupзҡ„еӨ–й”®',
  `cron_expression` varchar(200) COLLATE utf8mb4_general_ci NOT NULL COMMENT 'cronиЎЁиҫҫејҸ',
  `time_zone_id` varchar(80) COLLATE utf8mb4_general_ci DEFAULT NULL COMMENT 'ж—¶еҢә',
  PRIMARY KEY (`sched_name`,`trigger_name`,`trigger_group`),
  CONSTRAINT `qrtz_cron_triggers_ibfk_1` FOREIGN KEY (`sched_name`, `trigger_name`, `trigger_group`) REFERENCES `qrtz_triggers` (`sched_name`, `trigger_name`, `trigger_group`)
) ENGINE=InnoDB DEFAULT CHARSET=utf8mb4 COLLATE=utf8mb4_general_ci COMMENT='Cronзұ»еһӢзҡ„и§ҰеҸ‘еҷЁиЎЁ';
/*!40101 SET character_set_client = @saved_cs_client */;

--
-- Dumping data for table `qrtz_cron_triggers`
--

LOCK TABLES `qrtz_cron_triggers` WRITE;
/*!40000 ALTER TABLE `qrtz_cron_triggers` DISABLE KEYS */;
/*!40000 ALTER TABLE `qrtz_cron_triggers` ENABLE KEYS */;
UNLOCK TABLES;

--
-- Table structure for table `qrtz_fired_triggers`
--

DROP TABLE IF EXISTS `qrtz_fired_triggers`;
/*!40101 SET @saved_cs_client     = @@character_set_client */;
/*!50503 SET character_set_client = utf8mb4 */;
CREATE TABLE `qrtz_fired_triggers` (
  `sched_name` varchar(120) COLLATE utf8mb4_general_ci NOT NULL COMMENT 'и°ғеәҰеҗҚз§°',
  `entry_id` varchar(95) COLLATE utf8mb4_general_ci NOT NULL COMMENT 'и°ғеәҰеҷЁе®һдҫӢid',
  `trigger_name` varchar(200) COLLATE utf8mb4_general_ci NOT NULL COMMENT 'qrtz_triggersиЎЁtrigger_nameзҡ„еӨ–й”®',
  `trigger_group` varchar(200) COLLATE utf8mb4_general_ci NOT NULL COMMENT 'qrtz_triggersиЎЁtrigger_groupзҡ„еӨ–й”®',
  `instance_name` varchar(200) COLLATE utf8mb4_general_ci NOT NULL COMMENT 'и°ғеәҰеҷЁе®һдҫӢеҗҚ',
  `fired_time` bigint NOT NULL COMMENT 'и§ҰеҸ‘зҡ„ж—¶й—ҙ',
  `sched_time` bigint NOT NULL COMMENT 'е®ҡж—¶еҷЁеҲ¶е®ҡзҡ„ж—¶й—ҙ',
  `priority` int NOT NULL COMMENT 'дјҳе…Ҳзә§',
  `state` varchar(16) COLLATE utf8mb4_general_ci NOT NULL COMMENT 'зҠ¶жҖҒ',
  `job_name` varchar(200) COLLATE utf8mb4_general_ci DEFAULT NULL COMMENT 'д»»еҠЎеҗҚз§°',
  `job_group` varchar(200) COLLATE utf8mb4_general_ci DEFAULT NULL COMMENT 'д»»еҠЎз»„еҗҚ',
  `is_nonconcurrent` varchar(1) COLLATE utf8mb4_general_ci DEFAULT NULL COMMENT 'жҳҜеҗҰе№¶еҸ‘',
  `requests_recovery` varchar(1) COLLATE utf8mb4_general_ci DEFAULT NULL COMMENT 'жҳҜеҗҰжҺҘеҸ—жҒўеӨҚжү§иЎҢ',
  PRIMARY KEY (`sched_name`,`entry_id`)
) ENGINE=InnoDB DEFAULT CHARSET=utf8mb4 COLLATE=utf8mb4_general_ci COMMENT='е·Іи§ҰеҸ‘зҡ„и§ҰеҸ‘еҷЁиЎЁ';
/*!40101 SET character_set_client = @saved_cs_client */;

--
-- Dumping data for table `qrtz_fired_triggers`
--

LOCK TABLES `qrtz_fired_triggers` WRITE;
/*!40000 ALTER TABLE `qrtz_fired_triggers` DISABLE KEYS */;
/*!40000 ALTER TABLE `qrtz_fired_triggers` ENABLE KEYS */;
UNLOCK TABLES;

--
-- Table structure for table `qrtz_job_details`
--

DROP TABLE IF EXISTS `qrtz_job_details`;
/*!40101 SET @saved_cs_client     = @@character_set_client */;
/*!50503 SET character_set_client = utf8mb4 */;
CREATE TABLE `qrtz_job_details` (
  `sched_name` varchar(120) COLLATE utf8mb4_general_ci NOT NULL COMMENT 'и°ғеәҰеҗҚз§°',
  `job_name` varchar(200) COLLATE utf8mb4_general_ci NOT NULL COMMENT 'д»»еҠЎеҗҚз§°',
  `job_group` varchar(200) COLLATE utf8mb4_general_ci NOT NULL COMMENT 'д»»еҠЎз»„еҗҚ',
  `description` varchar(250) COLLATE utf8mb4_general_ci DEFAULT NULL COMMENT 'зӣёе…ід»Ӣз»Қ',
  `job_class_name` varchar(250) COLLATE utf8mb4_general_ci NOT NULL COMMENT 'жү§иЎҢд»»еҠЎзұ»еҗҚз§°',
  `is_durable` varchar(1) COLLATE utf8mb4_general_ci NOT NULL COMMENT 'жҳҜеҗҰжҢҒд№…еҢ–',
  `is_nonconcurrent` varchar(1) COLLATE utf8mb4_general_ci NOT NULL COMMENT 'жҳҜеҗҰе№¶еҸ‘',
  `is_update_data` varchar(1) COLLATE utf8mb4_general_ci NOT NULL COMMENT 'жҳҜеҗҰжӣҙж–°ж•°жҚ®',
  `requests_recovery` varchar(1) COLLATE utf8mb4_general_ci NOT NULL COMMENT 'жҳҜеҗҰжҺҘеҸ—жҒўеӨҚжү§иЎҢ',
  `job_data` blob COMMENT 'еӯҳж”ҫжҢҒд№…еҢ–jobеҜ№иұЎ',
  PRIMARY KEY (`sched_name`,`job_name`,`job_group`)
) ENGINE=InnoDB DEFAULT CHARSET=utf8mb4 COLLATE=utf8mb4_general_ci COMMENT='д»»еҠЎиҜҰз»ҶдҝЎжҒҜиЎЁ';
/*!40101 SET character_set_client = @saved_cs_client */;

--
-- Dumping data for table `qrtz_job_details`
--

LOCK TABLES `qrtz_job_details` WRITE;
/*!40000 ALTER TABLE `qrtz_job_details` DISABLE KEYS */;
/*!40000 ALTER TABLE `qrtz_job_details` ENABLE KEYS */;
UNLOCK TABLES;

--
-- Table structure for table `qrtz_locks`
--

DROP TABLE IF EXISTS `qrtz_locks`;
/*!40101 SET @saved_cs_client     = @@character_set_client */;
/*!50503 SET character_set_client = utf8mb4 */;
CREATE TABLE `qrtz_locks` (
  `sched_name` varchar(120) COLLATE utf8mb4_general_ci NOT NULL COMMENT 'и°ғеәҰеҗҚз§°',
  `lock_name` varchar(40) COLLATE utf8mb4_general_ci NOT NULL COMMENT 'жӮІи§Ӯй”ҒеҗҚз§°',
  PRIMARY KEY (`sched_name`,`lock_name`)
) ENGINE=InnoDB DEFAULT CHARSET=utf8mb4 COLLATE=utf8mb4_general_ci COMMENT='еӯҳеӮЁзҡ„жӮІи§Ӯй”ҒдҝЎжҒҜиЎЁ';
/*!40101 SET character_set_client = @saved_cs_client */;

--
-- Dumping data for table `qrtz_locks`
--

LOCK TABLES `qrtz_locks` WRITE;
/*!40000 ALTER TABLE `qrtz_locks` DISABLE KEYS */;
/*!40000 ALTER TABLE `qrtz_locks` ENABLE KEYS */;
UNLOCK TABLES;

--
-- Table structure for table `qrtz_paused_trigger_grps`
--

DROP TABLE IF EXISTS `qrtz_paused_trigger_grps`;
/*!40101 SET @saved_cs_client     = @@character_set_client */;
/*!50503 SET character_set_client = utf8mb4 */;
CREATE TABLE `qrtz_paused_trigger_grps` (
  `sched_name` varchar(120) COLLATE utf8mb4_general_ci NOT NULL COMMENT 'и°ғеәҰеҗҚз§°',
  `trigger_group` varchar(200) COLLATE utf8mb4_general_ci NOT NULL COMMENT 'qrtz_triggersиЎЁtrigger_groupзҡ„еӨ–й”®',
  PRIMARY KEY (`sched_name`,`trigger_group`)
) ENGINE=InnoDB DEFAULT CHARSET=utf8mb4 COLLATE=utf8mb4_general_ci COMMENT='жҡӮеҒңзҡ„и§ҰеҸ‘еҷЁиЎЁ';
/*!40101 SET character_set_client = @saved_cs_client */;

--
-- Dumping data for table `qrtz_paused_trigger_grps`
--

LOCK TABLES `qrtz_paused_trigger_grps` WRITE;
/*!40000 ALTER TABLE `qrtz_paused_trigger_grps` DISABLE KEYS */;
/*!40000 ALTER TABLE `qrtz_paused_trigger_grps` ENABLE KEYS */;
UNLOCK TABLES;

--
-- Table structure for table `qrtz_scheduler_state`
--

DROP TABLE IF EXISTS `qrtz_scheduler_state`;
/*!40101 SET @saved_cs_client     = @@character_set_client */;
/*!50503 SET character_set_client = utf8mb4 */;
CREATE TABLE `qrtz_scheduler_state` (
  `sched_name` varchar(120) COLLATE utf8mb4_general_ci NOT NULL COMMENT 'и°ғеәҰеҗҚз§°',
  `instance_name` varchar(200) COLLATE utf8mb4_general_ci NOT NULL COMMENT 'е®һдҫӢеҗҚз§°',
  `last_checkin_time` bigint NOT NULL COMMENT 'дёҠж¬ЎжЈҖжҹҘж—¶й—ҙ',
  `checkin_interval` bigint NOT NULL COMMENT 'жЈҖжҹҘй—ҙйҡ”ж—¶й—ҙ',
  PRIMARY KEY (`sched_name`,`instance_name`)
) ENGINE=InnoDB DEFAULT CHARSET=utf8mb4 COLLATE=utf8mb4_general_ci COMMENT='и°ғеәҰеҷЁзҠ¶жҖҒиЎЁ';
/*!40101 SET character_set_client = @saved_cs_client */;

--
-- Dumping data for table `qrtz_scheduler_state`
--

LOCK TABLES `qrtz_scheduler_state` WRITE;
/*!40000 ALTER TABLE `qrtz_scheduler_state` DISABLE KEYS */;
/*!40000 ALTER TABLE `qrtz_scheduler_state` ENABLE KEYS */;
UNLOCK TABLES;

--
-- Table structure for table `qrtz_simple_triggers`
--

DROP TABLE IF EXISTS `qrtz_simple_triggers`;
/*!40101 SET @saved_cs_client     = @@character_set_client */;
/*!50503 SET character_set_client = utf8mb4 */;
CREATE TABLE `qrtz_simple_triggers` (
  `sched_name` varchar(120) COLLATE utf8mb4_general_ci NOT NULL COMMENT 'и°ғеәҰеҗҚз§°',
  `trigger_name` varchar(200) COLLATE utf8mb4_general_ci NOT NULL COMMENT 'qrtz_triggersиЎЁtrigger_nameзҡ„еӨ–й”®',
  `trigger_group` varchar(200) COLLATE utf8mb4_general_ci NOT NULL COMMENT 'qrtz_triggersиЎЁtrigger_groupзҡ„еӨ–й”®',
  `repeat_count` bigint NOT NULL COMMENT 'йҮҚеӨҚзҡ„ж¬Ўж•°з»ҹи®Ў',
  `repeat_interval` bigint NOT NULL COMMENT 'йҮҚеӨҚзҡ„й—ҙйҡ”ж—¶й—ҙ',
  `times_triggered` bigint NOT NULL COMMENT 'е·Із»Ҹи§ҰеҸ‘зҡ„ж¬Ўж•°',
  PRIMARY KEY (`sched_name`,`trigger_name`,`trigger_group`),
  CONSTRAINT `qrtz_simple_triggers_ibfk_1` FOREIGN KEY (`sched_name`, `trigger_name`, `trigger_group`) REFERENCES `qrtz_triggers` (`sched_name`, `trigger_name`, `trigger_group`)
) ENGINE=InnoDB DEFAULT CHARSET=utf8mb4 COLLATE=utf8mb4_general_ci COMMENT='з®ҖеҚ•и§ҰеҸ‘еҷЁзҡ„дҝЎжҒҜиЎЁ';
/*!40101 SET character_set_client = @saved_cs_client */;

--
-- Dumping data for table `qrtz_simple_triggers`
--

LOCK TABLES `qrtz_simple_triggers` WRITE;
/*!40000 ALTER TABLE `qrtz_simple_triggers` DISABLE KEYS */;
/*!40000 ALTER TABLE `qrtz_simple_triggers` ENABLE KEYS */;
UNLOCK TABLES;

--
-- Table structure for table `qrtz_simprop_triggers`
--

DROP TABLE IF EXISTS `qrtz_simprop_triggers`;
/*!40101 SET @saved_cs_client     = @@character_set_client */;
/*!50503 SET character_set_client = utf8mb4 */;
CREATE TABLE `qrtz_simprop_triggers` (
  `sched_name` varchar(120) COLLATE utf8mb4_general_ci NOT NULL COMMENT 'и°ғеәҰеҗҚз§°',
  `trigger_name` varchar(200) COLLATE utf8mb4_general_ci NOT NULL COMMENT 'qrtz_triggersиЎЁtrigger_nameзҡ„еӨ–й”®',
  `trigger_group` varchar(200) COLLATE utf8mb4_general_ci NOT NULL COMMENT 'qrtz_triggersиЎЁtrigger_groupзҡ„еӨ–й”®',
  `str_prop_1` varchar(512) COLLATE utf8mb4_general_ci DEFAULT NULL COMMENT 'Stringзұ»еһӢзҡ„triggerзҡ„з¬¬дёҖдёӘеҸӮж•°',
  `str_prop_2` varchar(512) COLLATE utf8mb4_general_ci DEFAULT NULL COMMENT 'Stringзұ»еһӢзҡ„triggerзҡ„з¬¬дәҢдёӘеҸӮж•°',
  `str_prop_3` varchar(512) COLLATE utf8mb4_general_ci DEFAULT NULL COMMENT 'Stringзұ»еһӢзҡ„triggerзҡ„з¬¬дёүдёӘеҸӮж•°',
  `int_prop_1` int DEFAULT NULL COMMENT 'intзұ»еһӢзҡ„triggerзҡ„з¬¬дёҖдёӘеҸӮж•°',
  `int_prop_2` int DEFAULT NULL COMMENT 'intзұ»еһӢзҡ„triggerзҡ„з¬¬дәҢдёӘеҸӮж•°',
  `long_prop_1` bigint DEFAULT NULL COMMENT 'longзұ»еһӢзҡ„triggerзҡ„з¬¬дёҖдёӘеҸӮж•°',
  `long_prop_2` bigint DEFAULT NULL COMMENT 'longзұ»еһӢзҡ„triggerзҡ„з¬¬дәҢдёӘеҸӮж•°',
  `dec_prop_1` decimal(13,4) DEFAULT NULL COMMENT 'decimalзұ»еһӢзҡ„triggerзҡ„з¬¬дёҖдёӘеҸӮж•°',
  `dec_prop_2` decimal(13,4) DEFAULT NULL COMMENT 'decimalзұ»еһӢзҡ„triggerзҡ„з¬¬дәҢдёӘеҸӮж•°',
  `bool_prop_1` varchar(1) COLLATE utf8mb4_general_ci DEFAULT NULL COMMENT 'Booleanзұ»еһӢзҡ„triggerзҡ„з¬¬дёҖдёӘеҸӮж•°',
  `bool_prop_2` varchar(1) COLLATE utf8mb4_general_ci DEFAULT NULL COMMENT 'Booleanзұ»еһӢзҡ„triggerзҡ„з¬¬дәҢдёӘеҸӮж•°',
  PRIMARY KEY (`sched_name`,`trigger_name`,`trigger_group`),
  CONSTRAINT `qrtz_simprop_triggers_ibfk_1` FOREIGN KEY (`sched_name`, `trigger_name`, `trigger_group`) REFERENCES `qrtz_triggers` (`sched_name`, `trigger_name`, `trigger_group`)
) ENGINE=InnoDB DEFAULT CHARSET=utf8mb4 COLLATE=utf8mb4_general_ci COMMENT='еҗҢжӯҘжңәеҲ¶зҡ„иЎҢй”ҒиЎЁ';
/*!40101 SET character_set_client = @saved_cs_client */;

--
-- Dumping data for table `qrtz_simprop_triggers`
--

LOCK TABLES `qrtz_simprop_triggers` WRITE;
/*!40000 ALTER TABLE `qrtz_simprop_triggers` DISABLE KEYS */;
/*!40000 ALTER TABLE `qrtz_simprop_triggers` ENABLE KEYS */;
UNLOCK TABLES;

--
-- Table structure for table `qrtz_triggers`
--

DROP TABLE IF EXISTS `qrtz_triggers`;
/*!40101 SET @saved_cs_client     = @@character_set_client */;
/*!50503 SET character_set_client = utf8mb4 */;
CREATE TABLE `qrtz_triggers` (
  `sched_name` varchar(120) COLLATE utf8mb4_general_ci NOT NULL COMMENT 'и°ғеәҰеҗҚз§°',
  `trigger_name` varchar(200) COLLATE utf8mb4_general_ci NOT NULL COMMENT 'и§ҰеҸ‘еҷЁзҡ„еҗҚеӯ—',
  `trigger_group` varchar(200) COLLATE utf8mb4_general_ci NOT NULL COMMENT 'и§ҰеҸ‘еҷЁжүҖеұһз»„зҡ„еҗҚеӯ—',
  `job_name` varchar(200) COLLATE utf8mb4_general_ci NOT NULL COMMENT 'qrtz_job_detailsиЎЁjob_nameзҡ„еӨ–й”®',
  `job_group` varchar(200) COLLATE utf8mb4_general_ci NOT NULL COMMENT 'qrtz_job_detailsиЎЁjob_groupзҡ„еӨ–й”®',
  `description` varchar(250) COLLATE utf8mb4_general_ci DEFAULT NULL COMMENT 'зӣёе…ід»Ӣз»Қ',
  `next_fire_time` bigint DEFAULT NULL COMMENT 'дёҠдёҖж¬Ўи§ҰеҸ‘ж—¶й—ҙпјҲжҜ«з§’пјү',
  `prev_fire_time` bigint DEFAULT NULL COMMENT 'дёӢдёҖж¬Ўи§ҰеҸ‘ж—¶й—ҙпјҲй»ҳи®Өдёә-1иЎЁзӨәдёҚи§ҰеҸ‘пјү',
  `priority` int DEFAULT NULL COMMENT 'дјҳе…Ҳзә§',
  `trigger_state` varchar(16) COLLATE utf8mb4_general_ci NOT NULL COMMENT 'и§ҰеҸ‘еҷЁзҠ¶жҖҒ',
  `trigger_type` varchar(8) COLLATE utf8mb4_general_ci NOT NULL COMMENT 'и§ҰеҸ‘еҷЁзҡ„зұ»еһӢ',
  `start_time` bigint NOT NULL COMMENT 'ејҖе§Ӣж—¶й—ҙ',
  `end_time` bigint DEFAULT NULL COMMENT 'з»“жқҹж—¶й—ҙ',
  `calendar_name` varchar(200) COLLATE utf8mb4_general_ci DEFAULT NULL COMMENT 'ж—ҘзЁӢиЎЁеҗҚз§°',
  `misfire_instr` smallint DEFAULT NULL COMMENT 'иЎҘеҒҝжү§иЎҢзҡ„зӯ–з•Ҙ',
  `job_data` blob COMMENT 'еӯҳж”ҫжҢҒд№…еҢ–jobеҜ№иұЎ',
  PRIMARY KEY (`sched_name`,`trigger_name`,`trigger_group`),
  KEY `sched_name` (`sched_name`,`job_name`,`job_group`),
  CONSTRAINT `qrtz_triggers_ibfk_1` FOREIGN KEY (`sched_name`, `job_name`, `job_group`) REFERENCES `qrtz_job_details` (`sched_name`, `job_name`, `job_group`)
) ENGINE=InnoDB DEFAULT CHARSET=utf8mb4 COLLATE=utf8mb4_general_ci COMMENT='и§ҰеҸ‘еҷЁиҜҰз»ҶдҝЎжҒҜиЎЁ';
/*!40101 SET character_set_client = @saved_cs_client */;

--
-- Dumping data for table `qrtz_triggers`
--

LOCK TABLES `qrtz_triggers` WRITE;
/*!40000 ALTER TABLE `qrtz_triggers` DISABLE KEYS */;
/*!40000 ALTER TABLE `qrtz_triggers` ENABLE KEYS */;
UNLOCK TABLES;

--
-- Table structure for table `sys_config`
--

DROP TABLE IF EXISTS `sys_config`;
/*!40101 SET @saved_cs_client     = @@character_set_client */;
/*!50503 SET character_set_client = utf8mb4 */;
CREATE TABLE `sys_config` (
  `config_id` int NOT NULL AUTO_INCREMENT COMMENT 'еҸӮж•°дё»й”®',
  `config_name` varchar(100) COLLATE utf8mb4_general_ci DEFAULT '' COMMENT 'еҸӮж•°еҗҚз§°',
  `config_key` varchar(100) COLLATE utf8mb4_general_ci DEFAULT '' COMMENT 'еҸӮж•°й”®еҗҚ',
  `config_value` varchar(500) COLLATE utf8mb4_general_ci DEFAULT '' COMMENT 'еҸӮж•°й”®еҖј',
  `config_type` char(1) COLLATE utf8mb4_general_ci DEFAULT 'N' COMMENT 'зі»з»ҹеҶ…зҪ®пјҲYжҳҜ NеҗҰпјү',
  `create_by` varchar(64) COLLATE utf8mb4_general_ci DEFAULT '' COMMENT 'еҲӣе»әиҖ…',
  `create_time` datetime DEFAULT NULL COMMENT 'еҲӣе»әж—¶й—ҙ',
  `update_by` varchar(64) COLLATE utf8mb4_general_ci DEFAULT '' COMMENT 'жӣҙж–°иҖ…',
  `update_time` datetime DEFAULT NULL COMMENT 'жӣҙж–°ж—¶й—ҙ',
  `remark` varchar(500) COLLATE utf8mb4_general_ci DEFAULT NULL COMMENT 'еӨҮжіЁ',
  PRIMARY KEY (`config_id`)
) ENGINE=InnoDB AUTO_INCREMENT=100 DEFAULT CHARSET=utf8mb4 COLLATE=utf8mb4_general_ci COMMENT='еҸӮж•°й…ҚзҪ®иЎЁ';
/*!40101 SET character_set_client = @saved_cs_client */;

--
-- Dumping data for table `sys_config`
--

LOCK TABLES `sys_config` WRITE;
/*!40000 ALTER TABLE `sys_config` DISABLE KEYS */;
INSERT INTO `sys_config` VALUES (1,'дё»жЎҶжһ¶йЎө-й»ҳи®Өзҡ®иӮӨж ·ејҸеҗҚз§°','sys.index.skinName','skin-blue','Y','admin','2026-01-16 13:11:15','',NULL,'и“қиүІ skin-blueгҖҒз»ҝиүІ skin-greenгҖҒзҙ«иүІ skin-purpleгҖҒзәўиүІ skin-redгҖҒй»„иүІ skin-yellow'),(2,'з”ЁжҲ·з®ЎзҗҶ-иҙҰеҸ·еҲқе§ӢеҜҶз Ғ','sys.user.initPassword','123456','Y','admin','2026-01-16 13:11:15','',NULL,'еҲқе§ӢеҢ–еҜҶз Ғ 123456'),(3,'дё»жЎҶжһ¶йЎө-дҫ§иҫ№ж Ҹдё»йўҳ','sys.index.sideTheme','theme-dark','Y','admin','2026-01-16 13:11:15','',NULL,'ж·ұиүІдё»йўҳtheme-darkпјҢжө…иүІдё»йўҳtheme-light'),(4,'иҙҰеҸ·иҮӘеҠ©-йӘҢиҜҒз ҒејҖе…і','sys.account.captchaEnabled','true','Y','admin','2026-01-16 13:11:15','',NULL,'жҳҜеҗҰејҖеҗҜйӘҢиҜҒз ҒеҠҹиғҪпјҲtrueејҖеҗҜпјҢfalseе…ій—ӯпјү'),(5,'иҙҰеҸ·иҮӘеҠ©-жҳҜеҗҰејҖеҗҜз”ЁжҲ·жіЁеҶҢеҠҹиғҪ','sys.account.registerUser','false','Y','admin','2026-01-16 13:11:15','',NULL,'жҳҜеҗҰејҖеҗҜжіЁеҶҢз”ЁжҲ·еҠҹиғҪпјҲtrueејҖеҗҜпјҢfalseе…ій—ӯпјү'),(6,'з”ЁжҲ·зҷ»еҪ•-й»‘еҗҚеҚ•еҲ—иЎЁ','sys.login.blackIPList','','Y','admin','2026-01-16 13:11:15','',NULL,'и®ҫзҪ®зҷ»еҪ•IPй»‘еҗҚеҚ•йҷҗеҲ¶пјҢеӨҡдёӘеҢ№й…ҚйЎ№д»Ҙ;еҲҶйҡ”пјҢж”ҜжҢҒеҢ№й…ҚпјҲ*йҖҡй…ҚгҖҒзҪ‘ж®өпјү');
/*!40000 ALTER TABLE `sys_config` ENABLE KEYS */;
UNLOCK TABLES;

--
-- Table structure for table `sys_dept`
--

DROP TABLE IF EXISTS `sys_dept`;
/*!40101 SET @saved_cs_client     = @@character_set_client */;
/*!50503 SET character_set_client = utf8mb4 */;
CREATE TABLE `sys_dept` (
  `dept_id` bigint NOT NULL AUTO_INCREMENT COMMENT 'йғЁй—Ёid',
  `parent_id` bigint DEFAULT '0' COMMENT 'зҲ¶йғЁй—Ёid',
  `ancestors` varchar(50) COLLATE utf8mb4_general_ci DEFAULT '' COMMENT 'зҘ–зә§еҲ—иЎЁ',
  `dept_name` varchar(30) COLLATE utf8mb4_general_ci DEFAULT '' COMMENT 'йғЁй—ЁеҗҚз§°',
  `order_num` int DEFAULT '0' COMMENT 'жҳҫзӨәйЎәеәҸ',
  `leader` varchar(20) COLLATE utf8mb4_general_ci DEFAULT NULL COMMENT 'иҙҹиҙЈдәә',
  `phone` varchar(11) COLLATE utf8mb4_general_ci DEFAULT NULL COMMENT 'иҒ”зі»з”өиҜқ',
  `email` varchar(50) COLLATE utf8mb4_general_ci DEFAULT NULL COMMENT 'йӮ®з®ұ',
  `status` char(1) COLLATE utf8mb4_general_ci DEFAULT '0' COMMENT 'йғЁй—ЁзҠ¶жҖҒпјҲ0жӯЈеёё 1еҒңз”Ёпјү',
  `del_flag` char(1) COLLATE utf8mb4_general_ci DEFAULT '0' COMMENT 'еҲ йҷӨж Үеҝ—пјҲ0д»ЈиЎЁеӯҳеңЁ 2д»ЈиЎЁеҲ йҷӨпјү',
  `create_by` varchar(64) COLLATE utf8mb4_general_ci DEFAULT '' COMMENT 'еҲӣе»әиҖ…',
  `create_time` datetime DEFAULT NULL COMMENT 'еҲӣе»әж—¶й—ҙ',
  `update_by` varchar(64) COLLATE utf8mb4_general_ci DEFAULT '' COMMENT 'жӣҙж–°иҖ…',
  `update_time` datetime DEFAULT NULL COMMENT 'жӣҙж–°ж—¶й—ҙ',
  PRIMARY KEY (`dept_id`)
) ENGINE=InnoDB AUTO_INCREMENT=200 DEFAULT CHARSET=utf8mb4 COLLATE=utf8mb4_general_ci COMMENT='йғЁй—ЁиЎЁ';
/*!40101 SET character_set_client = @saved_cs_client */;

--
-- Dumping data for table `sys_dept`
--

LOCK TABLES `sys_dept` WRITE;
/*!40000 ALTER TABLE `sys_dept` DISABLE KEYS */;
INSERT INTO `sys_dept` VALUES (100,0,'0','иӢҘдҫқз§‘жҠҖ',0,'иӢҘдҫқ','15888888888','ry@qq.com','0','0','admin','2026-01-16 13:11:13','',NULL),(101,100,'0,100','ж·ұеңіжҖ»е…¬еҸё',1,'иӢҘдҫқ','15888888888','ry@qq.com','0','0','admin','2026-01-16 13:11:13','',NULL),(102,100,'0,100','й•ҝжІҷеҲҶе…¬еҸё',2,'иӢҘдҫқ','15888888888','ry@qq.com','0','0','admin','2026-01-16 13:11:13','',NULL),(103,101,'0,100,101','з ”еҸ‘йғЁй—Ё',1,'иӢҘдҫқ','15888888888','ry@qq.com','0','0','admin','2026-01-16 13:11:13','',NULL),(104,101,'0,100,101','еёӮеңәйғЁй—Ё',2,'иӢҘдҫқ','15888888888','ry@qq.com','0','0','admin','2026-01-16 13:11:13','',NULL),(105,101,'0,100,101','жөӢиҜ•йғЁй—Ё',3,'иӢҘдҫқ','15888888888','ry@qq.com','0','0','admin','2026-01-16 13:11:13','',NULL),(106,101,'0,100,101','иҙўеҠЎйғЁй—Ё',4,'иӢҘдҫқ','15888888888','ry@qq.com','0','0','admin','2026-01-16 13:11:13','',NULL),(107,101,'0,100,101','иҝҗз»ҙйғЁй—Ё',5,'иӢҘдҫқ','15888888888','ry@qq.com','0','0','admin','2026-01-16 13:11:13','',NULL),(108,102,'0,100,102','еёӮеңәйғЁй—Ё',1,'иӢҘдҫқ','15888888888','ry@qq.com','0','0','admin','2026-01-16 13:11:13','',NULL),(109,102,'0,100,102','иҙўеҠЎйғЁй—Ё',2,'иӢҘдҫқ','15888888888','ry@qq.com','0','0','admin','2026-01-16 13:11:13','',NULL);
/*!40000 ALTER TABLE `sys_dept` ENABLE KEYS */;
UNLOCK TABLES;

--
-- Table structure for table `sys_dict_data`
--

DROP TABLE IF EXISTS `sys_dict_data`;
/*!40101 SET @saved_cs_client     = @@character_set_client */;
/*!50503 SET character_set_client = utf8mb4 */;
CREATE TABLE `sys_dict_data` (
  `dict_code` bigint NOT NULL AUTO_INCREMENT COMMENT 'еӯ—е…ёзј–з Ғ',
  `dict_sort` int DEFAULT '0' COMMENT 'еӯ—е…ёжҺ’еәҸ',
  `dict_label` varchar(100) COLLATE utf8mb4_general_ci DEFAULT '' COMMENT 'еӯ—е…ёж Үзӯҫ',
  `dict_value` varchar(100) COLLATE utf8mb4_general_ci DEFAULT '' COMMENT 'еӯ—е…ёй”®еҖј',
  `dict_type` varchar(100) COLLATE utf8mb4_general_ci DEFAULT '' COMMENT 'еӯ—е…ёзұ»еһӢ',
  `css_class` varchar(100) COLLATE utf8mb4_general_ci DEFAULT NULL COMMENT 'ж ·ејҸеұһжҖ§пјҲе…¶д»–ж ·ејҸжү©еұ•пјү',
  `list_class` varchar(100) COLLATE utf8mb4_general_ci DEFAULT NULL COMMENT 'иЎЁж јеӣһжҳҫж ·ејҸ',
  `is_default` char(1) COLLATE utf8mb4_general_ci DEFAULT 'N' COMMENT 'жҳҜеҗҰй»ҳи®ӨпјҲYжҳҜ NеҗҰпјү',
  `status` char(1) COLLATE utf8mb4_general_ci DEFAULT '0' COMMENT 'зҠ¶жҖҒпјҲ0жӯЈеёё 1еҒңз”Ёпјү',
  `create_by` varchar(64) COLLATE utf8mb4_general_ci DEFAULT '' COMMENT 'еҲӣе»әиҖ…',
  `create_time` datetime DEFAULT NULL COMMENT 'еҲӣе»әж—¶й—ҙ',
  `update_by` varchar(64) COLLATE utf8mb4_general_ci DEFAULT '' COMMENT 'жӣҙж–°иҖ…',
  `update_time` datetime DEFAULT NULL COMMENT 'жӣҙж–°ж—¶й—ҙ',
  `remark` varchar(500) COLLATE utf8mb4_general_ci DEFAULT NULL COMMENT 'еӨҮжіЁ',
  PRIMARY KEY (`dict_code`)
) ENGINE=InnoDB AUTO_INCREMENT=100 DEFAULT CHARSET=utf8mb4 COLLATE=utf8mb4_general_ci COMMENT='еӯ—е…ёж•°жҚ®иЎЁ';
/*!40101 SET character_set_client = @saved_cs_client */;

--
-- Dumping data for table `sys_dict_data`
--

LOCK TABLES `sys_dict_data` WRITE;
/*!40000 ALTER TABLE `sys_dict_data` DISABLE KEYS */;
INSERT INTO `sys_dict_data` VALUES (1,1,'з”·','0','sys_user_sex','','','Y','0','admin','2026-01-16 13:11:15','',NULL,'жҖ§еҲ«з”·'),(2,2,'еҘі','1','sys_user_sex','','','N','0','admin','2026-01-16 13:11:15','',NULL,'жҖ§еҲ«еҘі'),(3,3,'жңӘзҹҘ','2','sys_user_sex','','','N','0','admin','2026-01-16 13:11:15','',NULL,'жҖ§еҲ«жңӘзҹҘ'),(4,1,'жҳҫзӨә','0','sys_show_hide','','primary','Y','0','admin','2026-01-16 13:11:15','',NULL,'жҳҫзӨәиҸңеҚ•'),(5,2,'йҡҗи—Ҹ','1','sys_show_hide','','danger','N','0','admin','2026-01-16 13:11:15','',NULL,'йҡҗи—ҸиҸңеҚ•'),(6,1,'жӯЈеёё','0','sys_normal_disable','','primary','Y','0','admin','2026-01-16 13:11:15','',NULL,'жӯЈеёёзҠ¶жҖҒ'),(7,2,'еҒңз”Ё','1','sys_normal_disable','','danger','N','0','admin','2026-01-16 13:11:15','',NULL,'еҒңз”ЁзҠ¶жҖҒ'),(8,1,'жӯЈеёё','0','sys_job_status','','primary','Y','0','admin','2026-01-16 13:11:15','',NULL,'жӯЈеёёзҠ¶жҖҒ'),(9,2,'жҡӮеҒң','1','sys_job_status','','danger','N','0','admin','2026-01-16 13:11:15','',NULL,'еҒңз”ЁзҠ¶жҖҒ'),(10,1,'й»ҳи®Ө','DEFAULT','sys_job_group','','','Y','0','admin','2026-01-16 13:11:15','',NULL,'й»ҳи®ӨеҲҶз»„'),(11,2,'зі»з»ҹ','SYSTEM','sys_job_group','','','N','0','admin','2026-01-16 13:11:15','',NULL,'зі»з»ҹеҲҶз»„'),(12,1,'жҳҜ','Y','sys_yes_no','','primary','Y','0','admin','2026-01-16 13:11:15','',NULL,'зі»з»ҹй»ҳи®ӨжҳҜ'),(13,2,'еҗҰ','N','sys_yes_no','','danger','N','0','admin','2026-01-16 13:11:15','',NULL,'зі»з»ҹй»ҳи®ӨеҗҰ'),(14,1,'йҖҡзҹҘ','1','sys_notice_type','','warning','Y','0','admin','2026-01-16 13:11:15','',NULL,'йҖҡзҹҘ'),(15,2,'е…¬е‘Ҡ','2','sys_notice_type','','success','N','0','admin','2026-01-16 13:11:15','',NULL,'е…¬е‘Ҡ'),(16,1,'жӯЈеёё','0','sys_notice_status','','primary','Y','0','admin','2026-01-16 13:11:15','',NULL,'жӯЈеёёзҠ¶жҖҒ'),(17,2,'е…ій—ӯ','1','sys_notice_status','','danger','N','0','admin','2026-01-16 13:11:15','',NULL,'е…ій—ӯзҠ¶жҖҒ'),(18,99,'е…¶д»–','0','sys_oper_type','','info','N','0','admin','2026-01-16 13:11:15','',NULL,'е…¶д»–ж“ҚдҪң'),(19,1,'ж–°еўһ','1','sys_oper_type','','info','N','0','admin','2026-01-16 13:11:15','',NULL,'ж–°еўһж“ҚдҪң'),(20,2,'дҝ®ж”№','2','sys_oper_type','','info','N','0','admin','2026-01-16 13:11:15','',NULL,'дҝ®ж”№ж“ҚдҪң'),(21,3,'еҲ йҷӨ','3','sys_oper_type','','danger','N','0','admin','2026-01-16 13:11:15','',NULL,'еҲ йҷӨж“ҚдҪң'),(22,4,'жҺҲжқғ','4','sys_oper_type','','primary','N','0','admin','2026-01-16 13:11:15','',NULL,'жҺҲжқғж“ҚдҪң'),(23,5,'еҜјеҮә','5','sys_oper_type','','warning','N','0','admin','2026-01-16 13:11:15','',NULL,'еҜјеҮәж“ҚдҪң'),(24,6,'еҜје…Ҙ','6','sys_oper_type','','warning','N','0','admin','2026-01-16 13:11:15','',NULL,'еҜје…Ҙж“ҚдҪң'),(25,7,'ејәйҖҖ','7','sys_oper_type','','danger','N','0','admin','2026-01-16 13:11:15','',NULL,'ејәйҖҖж“ҚдҪң'),(26,8,'з”ҹжҲҗд»Јз Ғ','8','sys_oper_type','','warning','N','0','admin','2026-01-16 13:11:15','',NULL,'з”ҹжҲҗж“ҚдҪң'),(27,9,'жё…з©әж•°жҚ®','9','sys_oper_type','','danger','N','0','admin','2026-01-16 13:11:15','',NULL,'жё…з©әж“ҚдҪң'),(28,1,'жҲҗеҠҹ','0','sys_common_status','','primary','N','0','admin','2026-01-16 13:11:15','',NULL,'жӯЈеёёзҠ¶жҖҒ'),(29,2,'еӨұиҙҘ','1','sys_common_status','','danger','N','0','admin','2026-01-16 13:11:15','',NULL,'еҒңз”ЁзҠ¶жҖҒ');
/*!40000 ALTER TABLE `sys_dict_data` ENABLE KEYS */;
UNLOCK TABLES;

--
-- Table structure for table `sys_dict_type`
--

DROP TABLE IF EXISTS `sys_dict_type`;
/*!40101 SET @saved_cs_client     = @@character_set_client */;
/*!50503 SET character_set_client = utf8mb4 */;
CREATE TABLE `sys_dict_type` (
  `dict_id` bigint NOT NULL AUTO_INCREMENT COMMENT 'еӯ—е…ёдё»й”®',
  `dict_name` varchar(100) COLLATE utf8mb4_general_ci DEFAULT '' COMMENT 'еӯ—е…ёеҗҚз§°',
  `dict_type` varchar(100) COLLATE utf8mb4_general_ci DEFAULT '' COMMENT 'еӯ—е…ёзұ»еһӢ',
  `status` char(1) COLLATE utf8mb4_general_ci DEFAULT '0' COMMENT 'зҠ¶жҖҒпјҲ0жӯЈеёё 1еҒңз”Ёпјү',
  `create_by` varchar(64) COLLATE utf8mb4_general_ci DEFAULT '' COMMENT 'еҲӣе»әиҖ…',
  `create_time` datetime DEFAULT NULL COMMENT 'еҲӣе»әж—¶й—ҙ',
  `update_by` varchar(64) COLLATE utf8mb4_general_ci DEFAULT '' COMMENT 'жӣҙж–°иҖ…',
  `update_time` datetime DEFAULT NULL COMMENT 'жӣҙж–°ж—¶й—ҙ',
  `remark` varchar(500) COLLATE utf8mb4_general_ci DEFAULT NULL COMMENT 'еӨҮжіЁ',
  PRIMARY KEY (`dict_id`),
  UNIQUE KEY `dict_type` (`dict_type`)
) ENGINE=InnoDB AUTO_INCREMENT=100 DEFAULT CHARSET=utf8mb4 COLLATE=utf8mb4_general_ci COMMENT='еӯ—е…ёзұ»еһӢиЎЁ';
/*!40101 SET character_set_client = @saved_cs_client */;

--
-- Dumping data for table `sys_dict_type`
--

LOCK TABLES `sys_dict_type` WRITE;
/*!40000 ALTER TABLE `sys_dict_type` DISABLE KEYS */;
INSERT INTO `sys_dict_type` VALUES (1,'з”ЁжҲ·жҖ§еҲ«','sys_user_sex','0','admin','2026-01-16 13:11:15','',NULL,'з”ЁжҲ·жҖ§еҲ«еҲ—иЎЁ'),(2,'иҸңеҚ•зҠ¶жҖҒ','sys_show_hide','0','admin','2026-01-16 13:11:15','',NULL,'иҸңеҚ•зҠ¶жҖҒеҲ—иЎЁ'),(3,'зі»з»ҹејҖе…і','sys_normal_disable','0','admin','2026-01-16 13:11:15','',NULL,'зі»з»ҹејҖе…іеҲ—иЎЁ'),(4,'д»»еҠЎзҠ¶жҖҒ','sys_job_status','0','admin','2026-01-16 13:11:15','',NULL,'д»»еҠЎзҠ¶жҖҒеҲ—иЎЁ'),(5,'д»»еҠЎеҲҶз»„','sys_job_group','0','admin','2026-01-16 13:11:15','',NULL,'д»»еҠЎеҲҶз»„еҲ—иЎЁ'),(6,'зі»з»ҹжҳҜеҗҰ','sys_yes_no','0','admin','2026-01-16 13:11:15','',NULL,'зі»з»ҹжҳҜеҗҰеҲ—иЎЁ'),(7,'йҖҡзҹҘзұ»еһӢ','sys_notice_type','0','admin','2026-01-16 13:11:15','',NULL,'йҖҡзҹҘзұ»еһӢеҲ—иЎЁ'),(8,'йҖҡзҹҘзҠ¶жҖҒ','sys_notice_status','0','admin','2026-01-16 13:11:15','',NULL,'йҖҡзҹҘзҠ¶жҖҒеҲ—иЎЁ'),(9,'ж“ҚдҪңзұ»еһӢ','sys_oper_type','0','admin','2026-01-16 13:11:15','',NULL,'ж“ҚдҪңзұ»еһӢеҲ—иЎЁ'),(10,'зі»з»ҹзҠ¶жҖҒ','sys_common_status','0','admin','2026-01-16 13:11:15','',NULL,'зҷ»еҪ•зҠ¶жҖҒеҲ—иЎЁ');
/*!40000 ALTER TABLE `sys_dict_type` ENABLE KEYS */;
UNLOCK TABLES;

--
-- Table structure for table `sys_job`
--

DROP TABLE IF EXISTS `sys_job`;
/*!40101 SET @saved_cs_client     = @@character_set_client */;
/*!50503 SET character_set_client = utf8mb4 */;
CREATE TABLE `sys_job` (
  `job_id` bigint NOT NULL AUTO_INCREMENT COMMENT 'д»»еҠЎID',
  `job_name` varchar(64) COLLATE utf8mb4_general_ci NOT NULL DEFAULT '' COMMENT 'д»»еҠЎеҗҚз§°',
  `job_group` varchar(64) COLLATE utf8mb4_general_ci NOT NULL DEFAULT 'DEFAULT' COMMENT 'д»»еҠЎз»„еҗҚ',
  `invoke_target` varchar(500) COLLATE utf8mb4_general_ci NOT NULL COMMENT 'и°ғз”Ёзӣ®ж Үеӯ—з¬ҰдёІ',
  `cron_expression` varchar(255) COLLATE utf8mb4_general_ci DEFAULT '' COMMENT 'cronжү§иЎҢиЎЁиҫҫејҸ',
  `misfire_policy` varchar(20) COLLATE utf8mb4_general_ci DEFAULT '3' COMMENT 'и®ЎеҲ’жү§иЎҢй”ҷиҜҜзӯ–з•ҘпјҲ1з«ӢеҚіжү§иЎҢ 2жү§иЎҢдёҖж¬Ў 3ж”ҫејғжү§иЎҢпјү',
  `concurrent` char(1) COLLATE utf8mb4_general_ci DEFAULT '1' COMMENT 'жҳҜеҗҰе№¶еҸ‘жү§иЎҢпјҲ0е…Ғи®ё 1зҰҒжӯўпјү',
  `status` char(1) COLLATE utf8mb4_general_ci DEFAULT '0' COMMENT 'зҠ¶жҖҒпјҲ0жӯЈеёё 1жҡӮеҒңпјү',
  `create_by` varchar(64) COLLATE utf8mb4_general_ci DEFAULT '' COMMENT 'еҲӣе»әиҖ…',
  `create_time` datetime DEFAULT NULL COMMENT 'еҲӣе»әж—¶й—ҙ',
  `update_by` varchar(64) COLLATE utf8mb4_general_ci DEFAULT '' COMMENT 'жӣҙж–°иҖ…',
  `update_time` datetime DEFAULT NULL COMMENT 'жӣҙж–°ж—¶й—ҙ',
  `remark` varchar(500) COLLATE utf8mb4_general_ci DEFAULT '' COMMENT 'еӨҮжіЁдҝЎжҒҜ',
  PRIMARY KEY (`job_id`,`job_name`,`job_group`)
) ENGINE=InnoDB AUTO_INCREMENT=100 DEFAULT CHARSET=utf8mb4 COLLATE=utf8mb4_general_ci COMMENT='е®ҡж—¶д»»еҠЎи°ғеәҰиЎЁ';
/*!40101 SET character_set_client = @saved_cs_client */;

--
-- Dumping data for table `sys_job`
--

LOCK TABLES `sys_job` WRITE;
/*!40000 ALTER TABLE `sys_job` DISABLE KEYS */;
INSERT INTO `sys_job` VALUES (1,'зі»з»ҹй»ҳи®ӨпјҲж— еҸӮпјү','DEFAULT','ryTask.ryNoParams','0/10 * * * * ?','3','1','1','admin','2026-01-16 13:11:15','',NULL,''),(2,'зі»з»ҹй»ҳи®ӨпјҲжңүеҸӮпјү','DEFAULT','ryTask.ryParams(\'ry\')','0/15 * * * * ?','3','1','1','admin','2026-01-16 13:11:15','',NULL,''),(3,'зі»з»ҹй»ҳи®ӨпјҲеӨҡеҸӮпјү','DEFAULT','ryTask.ryMultipleParams(\'ry\', true, 2000L, 316.50D, 100)','0/20 * * * * ?','3','1','1','admin','2026-01-16 13:11:15','',NULL,'');
/*!40000 ALTER TABLE `sys_job` ENABLE KEYS */;
UNLOCK TABLES;

--
-- Table structure for table `sys_job_log`
--

DROP TABLE IF EXISTS `sys_job_log`;
/*!40101 SET @saved_cs_client     = @@character_set_client */;
/*!50503 SET character_set_client = utf8mb4 */;
CREATE TABLE `sys_job_log` (
  `job_log_id` bigint NOT NULL AUTO_INCREMENT COMMENT 'д»»еҠЎж—Ҙеҝ—ID',
  `job_name` varchar(64) COLLATE utf8mb4_general_ci NOT NULL COMMENT 'д»»еҠЎеҗҚз§°',
  `job_group` varchar(64) COLLATE utf8mb4_general_ci NOT NULL COMMENT 'д»»еҠЎз»„еҗҚ',
  `invoke_target` varchar(500) COLLATE utf8mb4_general_ci NOT NULL COMMENT 'и°ғз”Ёзӣ®ж Үеӯ—з¬ҰдёІ',
  `job_message` varchar(500) COLLATE utf8mb4_general_ci DEFAULT NULL COMMENT 'ж—Ҙеҝ—дҝЎжҒҜ',
  `status` char(1) COLLATE utf8mb4_general_ci DEFAULT '0' COMMENT 'жү§иЎҢзҠ¶жҖҒпјҲ0жӯЈеёё 1еӨұиҙҘпјү',
  `exception_info` varchar(2000) COLLATE utf8mb4_general_ci DEFAULT '' COMMENT 'ејӮеёёдҝЎжҒҜ',
  `create_time` datetime DEFAULT NULL COMMENT 'еҲӣе»әж—¶й—ҙ',
  PRIMARY KEY (`job_log_id`)
) ENGINE=InnoDB DEFAULT CHARSET=utf8mb4 COLLATE=utf8mb4_general_ci COMMENT='е®ҡж—¶д»»еҠЎи°ғеәҰж—Ҙеҝ—иЎЁ';
/*!40101 SET character_set_client = @saved_cs_client */;

--
-- Dumping data for table `sys_job_log`
--

LOCK TABLES `sys_job_log` WRITE;
/*!40000 ALTER TABLE `sys_job_log` DISABLE KEYS */;
/*!40000 ALTER TABLE `sys_job_log` ENABLE KEYS */;
UNLOCK TABLES;

--
-- Table structure for table `sys_logininfor`
--

DROP TABLE IF EXISTS `sys_logininfor`;
/*!40101 SET @saved_cs_client     = @@character_set_client */;
/*!50503 SET character_set_client = utf8mb4 */;
CREATE TABLE `sys_logininfor` (
  `info_id` bigint NOT NULL AUTO_INCREMENT COMMENT 'и®ҝй—®ID',
  `user_name` varchar(50) COLLATE utf8mb4_general_ci DEFAULT '' COMMENT 'з”ЁжҲ·иҙҰеҸ·',
  `ipaddr` varchar(128) COLLATE utf8mb4_general_ci DEFAULT '' COMMENT 'зҷ»еҪ•IPең°еқҖ',
  `login_location` varchar(255) COLLATE utf8mb4_general_ci DEFAULT '' COMMENT 'зҷ»еҪ•ең°зӮ№',
  `browser` varchar(50) COLLATE utf8mb4_general_ci DEFAULT '' COMMENT 'жөҸи§ҲеҷЁзұ»еһӢ',
  `os` varchar(50) COLLATE utf8mb4_general_ci DEFAULT '' COMMENT 'ж“ҚдҪңзі»з»ҹ',
  `status` char(1) COLLATE utf8mb4_general_ci DEFAULT '0' COMMENT 'зҷ»еҪ•зҠ¶жҖҒпјҲ0жҲҗеҠҹ 1еӨұиҙҘпјү',
  `msg` varchar(255) COLLATE utf8mb4_general_ci DEFAULT '' COMMENT 'жҸҗзӨәж¶ҲжҒҜ',
  `login_time` datetime DEFAULT NULL COMMENT 'и®ҝй—®ж—¶й—ҙ',
  PRIMARY KEY (`info_id`),
  KEY `idx_sys_logininfor_s` (`status`),
  KEY `idx_sys_logininfor_lt` (`login_time`)
) ENGINE=InnoDB AUTO_INCREMENT=177 DEFAULT CHARSET=utf8mb4 COLLATE=utf8mb4_general_ci COMMENT='зі»з»ҹи®ҝй—®и®°еҪ•';
/*!40101 SET character_set_client = @saved_cs_client */;

--
-- Dumping data for table `sys_logininfor`
--

LOCK TABLES `sys_logininfor` WRITE;
/*!40000 ALTER TABLE `sys_logininfor` DISABLE KEYS */;
INSERT INTO `sys_logininfor` VALUES (100,'admin','127.0.0.1','еҶ…зҪ‘IP','Chrome 14','Windows 10','1','йӘҢиҜҒз Ғй”ҷиҜҜ','2026-01-19 22:57:31'),(101,'admin','127.0.0.1','еҶ…зҪ‘IP','Chrome 14','Windows 10','1','йӘҢиҜҒз Ғй”ҷиҜҜ','2026-01-19 22:57:53'),(102,'admin','127.0.0.1','еҶ…зҪ‘IP','Robot/Spider','Unknown','1','йӘҢиҜҒз Ғе·ІеӨұж•Ҳ','2026-01-19 23:02:34'),(103,'admin','127.0.0.1','еҶ…зҪ‘IP','Chrome 14','Windows 10','0','зҷ»еҪ•жҲҗеҠҹ','2026-01-19 23:03:47'),(104,'admin','127.0.0.1','еҶ…зҪ‘IP','Chrome 14','Windows 10','0','зҷ»еҪ•жҲҗеҠҹ','2026-01-20 10:45:43'),(105,'admin','127.0.0.1','еҶ…зҪ‘IP','Chrome 14','Windows 10','0','зҷ»еҪ•жҲҗеҠҹ','2026-01-20 11:56:00'),(106,'admin','127.0.0.1','еҶ…зҪ‘IP','Chrome 14','Windows 10','0','зҷ»еҪ•жҲҗеҠҹ','2026-01-20 21:14:19'),(107,'admin','127.0.0.1','еҶ…зҪ‘IP','Chrome 14','Windows 10','0','зҷ»еҪ•жҲҗеҠҹ','2026-01-20 21:57:12'),(108,'admin','127.0.0.1','еҶ…зҪ‘IP','Chrome 14','Windows 10','0','зҷ»еҪ•жҲҗеҠҹ','2026-01-20 22:07:01'),(109,'admin','127.0.0.1','еҶ…зҪ‘IP','Chrome 14','Windows 10','1','з”ЁжҲ·дёҚеӯҳеңЁ/еҜҶз Ғй”ҷиҜҜ','2026-01-20 22:20:41'),(110,'admin','127.0.0.1','еҶ…зҪ‘IP','Chrome 14','Windows 10','1','йӘҢиҜҒз Ғй”ҷиҜҜ','2026-01-20 22:20:48'),(111,'admin','127.0.0.1','еҶ…зҪ‘IP','Chrome 14','Windows 10','0','зҷ»еҪ•жҲҗеҠҹ','2026-01-20 22:20:51'),(112,'admin','127.0.0.1','еҶ…зҪ‘IP','Chrome 14','Windows 10','0','зҷ»еҪ•жҲҗеҠҹ','2026-01-20 22:29:10'),(113,'admin','127.0.0.1','еҶ…зҪ‘IP','Chrome 14','Windows 10','0','зҷ»еҪ•жҲҗеҠҹ','2026-01-20 23:03:02'),(114,'admin','127.0.0.1','еҶ…зҪ‘IP','Chrome 14','Windows 10','0','зҷ»еҪ•жҲҗеҠҹ','2026-01-21 01:08:18'),(115,'admin','127.0.0.1','еҶ…зҪ‘IP','Chrome 14','Windows 10','0','зҷ»еҪ•жҲҗеҠҹ','2026-01-21 11:46:02'),(116,'admin','127.0.0.1','еҶ…зҪ‘IP','Chrome 14','Windows 10','1','йӘҢиҜҒз Ғй”ҷиҜҜ','2026-01-22 18:08:07'),(117,'admin','127.0.0.1','еҶ…зҪ‘IP','Chrome 14','Windows 10','0','зҷ»еҪ•жҲҗеҠҹ','2026-01-22 18:08:11'),(118,'admin','127.0.0.1','еҶ…зҪ‘IP','Chrome 14','Windows 10','0','зҷ»еҪ•жҲҗеҠҹ','2026-01-22 18:08:40'),(119,'admin','127.0.0.1','еҶ…зҪ‘IP','Chrome 14','Windows 10','0','зҷ»еҪ•жҲҗеҠҹ','2026-01-22 18:11:15'),(120,'admin','127.0.0.1','еҶ…зҪ‘IP','Chrome 14','Windows 10','0','йҖҖеҮәжҲҗеҠҹ','2026-01-22 18:11:16'),(121,'admin','127.0.0.1','еҶ…зҪ‘IP','Chrome 14','Windows 10','0','зҷ»еҪ•жҲҗеҠҹ','2026-01-22 18:11:29'),(122,'admin','127.0.0.1','еҶ…зҪ‘IP','Chrome 14','Windows 10','0','йҖҖеҮәжҲҗеҠҹ','2026-01-22 18:11:29'),(123,'admin','127.0.0.1','еҶ…зҪ‘IP','Chrome 14','Windows 10','0','зҷ»еҪ•жҲҗеҠҹ','2026-01-22 18:13:11'),(124,'admin','127.0.0.1','еҶ…зҪ‘IP','Chrome 14','Windows 10','0','йҖҖеҮәжҲҗеҠҹ','2026-01-22 18:13:11'),(125,'admin','127.0.0.1','еҶ…зҪ‘IP','Chrome 14','Windows 10','1','йӘҢиҜҒз Ғе·ІеӨұж•Ҳ','2026-01-22 18:13:13'),(126,'admin','127.0.0.1','еҶ…зҪ‘IP','Chrome 14','Windows 10','0','зҷ»еҪ•жҲҗеҠҹ','2026-01-22 18:13:17'),(127,'admin','127.0.0.1','еҶ…зҪ‘IP','Chrome 14','Windows 10','0','йҖҖеҮәжҲҗеҠҹ','2026-01-22 18:13:18'),(128,'admin','127.0.0.1','еҶ…зҪ‘IP','Chrome 14','Windows 10','0','зҷ»еҪ•жҲҗеҠҹ','2026-01-22 18:17:17'),(129,'admin','127.0.0.1','еҶ…зҪ‘IP','Chrome 14','Windows 10','0','йҖҖеҮәжҲҗеҠҹ','2026-01-22 18:17:17'),(130,'admin','127.0.0.1','еҶ…зҪ‘IP','Chrome 14','Windows 10','0','зҷ»еҪ•жҲҗеҠҹ','2026-01-22 18:18:45'),(131,'admin','127.0.0.1','еҶ…зҪ‘IP','Chrome 14','Windows 10','0','йҖҖеҮәжҲҗеҠҹ','2026-01-22 18:18:45'),(132,'admin','127.0.0.1','еҶ…зҪ‘IP','Chrome 14','Windows 10','0','зҷ»еҪ•жҲҗеҠҹ','2026-01-22 18:33:35'),(133,'admin','127.0.0.1','еҶ…зҪ‘IP','Chrome 14','Windows 10','0','йҖҖеҮәжҲҗеҠҹ','2026-01-22 18:33:35'),(134,'admin','127.0.0.1','еҶ…зҪ‘IP','Chrome 14','Windows 10','0','зҷ»еҪ•жҲҗеҠҹ','2026-01-22 18:36:00'),(135,'admin','127.0.0.1','еҶ…зҪ‘IP','Chrome 14','Windows 10','0','йҖҖеҮәжҲҗеҠҹ','2026-01-22 18:36:00'),(136,'admin','127.0.0.1','еҶ…зҪ‘IP','Chrome 14','Windows 10','0','зҷ»еҪ•жҲҗеҠҹ','2026-01-22 19:00:51'),(137,'admin','127.0.0.1','еҶ…зҪ‘IP','Chrome 14','Windows 10','0','йҖҖеҮәжҲҗеҠҹ','2026-01-22 19:00:52'),(138,'admin','127.0.0.1','еҶ…зҪ‘IP','Chrome 14','Windows 10','0','зҷ»еҪ•жҲҗеҠҹ','2026-01-22 19:18:32'),(139,'admin','127.0.0.1','еҶ…зҪ‘IP','Chrome 14','Windows 10','0','йҖҖеҮәжҲҗеҠҹ','2026-01-22 19:18:32'),(140,'admin','127.0.0.1','еҶ…зҪ‘IP','Chrome 14','Windows 10','1','йӘҢиҜҒз Ғе·ІеӨұж•Ҳ','2026-01-22 19:18:34'),(141,'admin','127.0.0.1','еҶ…зҪ‘IP','Chrome 14','Windows 10','0','зҷ»еҪ•жҲҗеҠҹ','2026-01-22 19:18:34'),(142,'admin','127.0.0.1','еҶ…зҪ‘IP','Chrome 14','Windows 10','0','йҖҖеҮәжҲҗеҠҹ','2026-01-22 19:18:34'),(143,'admin','127.0.0.1','еҶ…зҪ‘IP','Mozilla','Windows 10','1','йӘҢиҜҒз Ғе·ІеӨұж•Ҳ','2026-01-22 19:20:43'),(144,'admin','127.0.0.1','еҶ…зҪ‘IP','Mozilla','Windows 10','1','йӘҢиҜҒз Ғй”ҷиҜҜ','2026-01-22 19:22:01'),(145,'admin','127.0.0.1','еҶ…зҪ‘IP','Chrome 14','Windows 10','0','зҷ»еҪ•жҲҗеҠҹ','2026-01-22 19:27:51'),(146,'admin','127.0.0.1','еҶ…зҪ‘IP','Chrome 14','Windows 10','0','йҖҖеҮәжҲҗеҠҹ','2026-01-22 19:27:51'),(147,'admin','127.0.0.1','еҶ…зҪ‘IP','Mozilla','Windows 10','1','йӘҢиҜҒз Ғй”ҷиҜҜ','2026-01-22 19:27:53'),(148,'admin','127.0.0.1','еҶ…зҪ‘IP','Mozilla','Windows 10','1','йӘҢиҜҒз Ғй”ҷиҜҜ','2026-01-22 19:28:32'),(149,'admin','127.0.0.1','еҶ…зҪ‘IP','Mozilla','Windows 10','1','йӘҢиҜҒз Ғй”ҷиҜҜ','2026-01-22 19:28:52'),(150,'admin','127.0.0.1','еҶ…зҪ‘IP','Chrome 14','Windows 10','0','зҷ»еҪ•жҲҗеҠҹ','2026-01-22 22:49:54'),(151,'admin','127.0.0.1','еҶ…зҪ‘IP','Chrome 14','Windows 10','1','йӘҢиҜҒз Ғй”ҷиҜҜ','2026-01-22 22:49:59'),(152,'admin','127.0.0.1','еҶ…зҪ‘IP','Chrome 14','Windows 10','0','зҷ»еҪ•жҲҗеҠҹ','2026-01-22 22:50:03'),(153,'admin','127.0.0.1','еҶ…зҪ‘IP','Chrome 14','Windows 10','1','йӘҢиҜҒз Ғе·ІеӨұж•Ҳ','2026-01-22 22:52:12'),(154,'admin','127.0.0.1','еҶ…зҪ‘IP','Chrome 14','Windows 10','0','зҷ»еҪ•жҲҗеҠҹ','2026-01-22 22:52:17'),(155,'admin','127.0.0.1','еҶ…зҪ‘IP','Chrome 14','Windows 10','0','йҖҖеҮәжҲҗеҠҹ','2026-01-22 22:52:17'),(156,'admin','127.0.0.1','еҶ…зҪ‘IP','Chrome 14','Windows 10','0','зҷ»еҪ•жҲҗеҠҹ','2026-01-22 22:52:27'),(157,'admin','127.0.0.1','еҶ…зҪ‘IP','Chrome 14','Windows 10','0','йҖҖеҮәжҲҗеҠҹ','2026-01-22 22:52:27'),(158,'admin','127.0.0.1','еҶ…зҪ‘IP','Chrome 14','Windows 10','0','зҷ»еҪ•жҲҗеҠҹ','2026-01-22 22:53:11'),(159,'admin','127.0.0.1','еҶ…зҪ‘IP','Chrome 14','Windows 10','0','йҖҖеҮәжҲҗеҠҹ','2026-01-22 22:53:11'),(160,'admin','127.0.0.1','еҶ…зҪ‘IP','Chrome 14','Windows 10','1','йӘҢиҜҒз Ғе·ІеӨұж•Ҳ','2026-01-22 22:54:00'),(161,'admin','127.0.0.1','еҶ…зҪ‘IP','Chrome 14','Windows 10','0','зҷ»еҪ•жҲҗеҠҹ','2026-01-22 22:54:12'),(162,'admin','127.0.0.1','еҶ…зҪ‘IP','Chrome 14','Windows 10','0','йҖҖеҮәжҲҗеҠҹ','2026-01-22 22:54:12'),(163,'admin','127.0.0.1','еҶ…зҪ‘IP','Chrome 14','Windows 10','1','йӘҢиҜҒз Ғе·ІеӨұж•Ҳ','2026-01-22 22:56:50'),(164,'admin','127.0.0.1','еҶ…зҪ‘IP','Chrome 14','Windows 10','0','зҷ»еҪ•жҲҗеҠҹ','2026-01-22 22:56:54'),(165,'admin','127.0.0.1','еҶ…зҪ‘IP','Chrome 14','Windows 10','0','йҖҖеҮәжҲҗеҠҹ','2026-01-22 22:56:55'),(166,'admin','127.0.0.1','еҶ…зҪ‘IP','Chrome 14','Windows 10','0','зҷ»еҪ•жҲҗеҠҹ','2026-01-22 22:58:48'),(167,'admin','127.0.0.1','еҶ…зҪ‘IP','Chrome 14','Windows 10','0','йҖҖеҮәжҲҗеҠҹ','2026-01-22 22:58:48'),(168,'admin','127.0.0.1','еҶ…зҪ‘IP','Chrome 14','Windows 10','0','зҷ»еҪ•жҲҗеҠҹ','2026-01-22 22:59:17'),(169,'admin','127.0.0.1','еҶ…зҪ‘IP','Chrome 14','Windows 10','0','йҖҖеҮәжҲҗеҠҹ','2026-01-22 22:59:17'),(170,'admin','127.0.0.1','еҶ…зҪ‘IP','Chrome 14','Windows 10','0','зҷ»еҪ•жҲҗеҠҹ','2026-01-22 23:01:34'),(171,'admin','127.0.0.1','еҶ…зҪ‘IP','Chrome 14','Windows 10','0','зҷ»еҪ•жҲҗеҠҹ','2026-01-23 20:11:11'),(172,'admin','127.0.0.1','еҶ…зҪ‘IP','Chrome 14','Windows 10','0','йҖҖеҮәжҲҗеҠҹ','2026-01-23 21:39:43'),(173,'admin','127.0.0.1','еҶ…зҪ‘IP','Chrome 14','Windows 10','0','зҷ»еҪ•жҲҗеҠҹ','2026-01-23 21:39:47'),(174,'admin','127.0.0.1','еҶ…зҪ‘IP','Chrome 14','Windows 10','0','йҖҖеҮәжҲҗеҠҹ','2026-01-23 21:54:49'),(175,'admin','127.0.0.1','еҶ…зҪ‘IP','Chrome 14','Windows 10','0','зҷ»еҪ•жҲҗеҠҹ','2026-01-23 21:54:53'),(176,'admin','127.0.0.1','еҶ…зҪ‘IP','Chrome 14','Windows 10','0','зҷ»еҪ•жҲҗеҠҹ','2026-01-24 13:44:43');
/*!40000 ALTER TABLE `sys_logininfor` ENABLE KEYS */;
UNLOCK TABLES;

--
-- Table structure for table `sys_menu`
--

DROP TABLE IF EXISTS `sys_menu`;
/*!40101 SET @saved_cs_client     = @@character_set_client */;
/*!50503 SET character_set_client = utf8mb4 */;
CREATE TABLE `sys_menu` (
  `menu_id` bigint NOT NULL AUTO_INCREMENT COMMENT 'иҸңеҚ•ID',
  `menu_name` varchar(50) COLLATE utf8mb4_general_ci NOT NULL COMMENT 'иҸңеҚ•еҗҚз§°',
  `parent_id` bigint DEFAULT '0' COMMENT 'зҲ¶иҸңеҚ•ID',
  `order_num` int DEFAULT '0' COMMENT 'жҳҫзӨәйЎәеәҸ',
  `path` varchar(200) COLLATE utf8mb4_general_ci DEFAULT '' COMMENT 'и·Ҝз”ұең°еқҖ',
  `component` varchar(255) COLLATE utf8mb4_general_ci DEFAULT NULL COMMENT 'з»„д»¶и·Ҝеҫ„',
  `query` varchar(255) COLLATE utf8mb4_general_ci DEFAULT NULL COMMENT 'и·Ҝз”ұеҸӮж•°',
  `is_frame` int DEFAULT '1' COMMENT 'жҳҜеҗҰдёәеӨ–й“ҫпјҲ0жҳҜ 1еҗҰпјү',
  `is_cache` int DEFAULT '0' COMMENT 'жҳҜеҗҰзј“еӯҳпјҲ0зј“еӯҳ 1дёҚзј“еӯҳпјү',
  `menu_type` char(1) COLLATE utf8mb4_general_ci DEFAULT '' COMMENT 'иҸңеҚ•зұ»еһӢпјҲMзӣ®еҪ• CиҸңеҚ• FжҢүй’®пјү',
  `visible` char(1) COLLATE utf8mb4_general_ci DEFAULT '0' COMMENT 'иҸңеҚ•зҠ¶жҖҒпјҲ0жҳҫзӨә 1йҡҗи—Ҹпјү',
  `status` char(1) COLLATE utf8mb4_general_ci DEFAULT '0' COMMENT 'иҸңеҚ•зҠ¶жҖҒпјҲ0жӯЈеёё 1еҒңз”Ёпјү',
  `perms` varchar(100) COLLATE utf8mb4_general_ci DEFAULT NULL COMMENT 'жқғйҷҗж ҮиҜҶ',
  `icon` varchar(100) COLLATE utf8mb4_general_ci DEFAULT '#' COMMENT 'иҸңеҚ•еӣҫж Ү',
  `create_by` varchar(64) COLLATE utf8mb4_general_ci DEFAULT '' COMMENT 'еҲӣе»әиҖ…',
  `create_time` datetime DEFAULT NULL COMMENT 'еҲӣе»әж—¶й—ҙ',
  `update_by` varchar(64) COLLATE utf8mb4_general_ci DEFAULT '' COMMENT 'жӣҙж–°иҖ…',
  `update_time` datetime DEFAULT NULL COMMENT 'жӣҙж–°ж—¶й—ҙ',
  `remark` varchar(500) COLLATE utf8mb4_general_ci DEFAULT '' COMMENT 'еӨҮжіЁ',
  PRIMARY KEY (`menu_id`)
) ENGINE=InnoDB AUTO_INCREMENT=2026 DEFAULT CHARSET=utf8mb4 COLLATE=utf8mb4_general_ci COMMENT='иҸңеҚ•жқғйҷҗиЎЁ';
/*!40101 SET character_set_client = @saved_cs_client */;

--
-- Dumping data for table `sys_menu`
--

LOCK TABLES `sys_menu` WRITE;
/*!40000 ALTER TABLE `sys_menu` DISABLE KEYS */;
INSERT INTO `sys_menu` VALUES (1,'зі»з»ҹз®ЎзҗҶ',0,1,'system',NULL,'',1,0,'M','0','0','','system','admin','2026-01-16 13:11:14','',NULL,'зі»з»ҹз®ЎзҗҶзӣ®еҪ•'),(2,'зі»з»ҹзӣ‘жҺ§',0,2,'monitor',NULL,'',1,0,'M','0','0','','monitor','admin','2026-01-16 13:11:14','',NULL,'зі»з»ҹзӣ‘жҺ§зӣ®еҪ•'),(3,'зі»з»ҹе·Ҙе…·',0,3,'tool',NULL,'',1,0,'M','0','0','','tool','admin','2026-01-16 13:11:14','',NULL,'зі»з»ҹе·Ҙе…·зӣ®еҪ•'),(4,'иӢҘдҫқе®ҳзҪ‘',0,4,'http://ruoyi.vip',NULL,'',0,0,'M','0','0','','guide','admin','2026-01-16 13:11:14','',NULL,'иӢҘдҫқе®ҳзҪ‘ең°еқҖ'),(100,'з”ЁжҲ·з®ЎзҗҶ',1,1,'user','system/user/index','',1,0,'C','0','0','system:user:list','user','admin','2026-01-16 13:11:14','',NULL,'з”ЁжҲ·з®ЎзҗҶиҸңеҚ•'),(101,'и§’иүІз®ЎзҗҶ',1,2,'role','system/role/index','',1,0,'C','0','0','system:role:list','peoples','admin','2026-01-16 13:11:14','',NULL,'и§’иүІз®ЎзҗҶиҸңеҚ•'),(102,'иҸңеҚ•з®ЎзҗҶ',1,3,'menu','system/menu/index','',1,0,'C','0','0','system:menu:list','tree-table','admin','2026-01-16 13:11:14','',NULL,'иҸңеҚ•з®ЎзҗҶиҸңеҚ•'),(103,'йғЁй—Ёз®ЎзҗҶ',1,4,'dept','system/dept/index','',1,0,'C','0','0','system:dept:list','tree','admin','2026-01-16 13:11:14','',NULL,'йғЁй—Ёз®ЎзҗҶиҸңеҚ•'),(104,'еІ—дҪҚз®ЎзҗҶ',1,5,'post','system/post/index','',1,0,'C','0','0','system:post:list','post','admin','2026-01-16 13:11:14','',NULL,'еІ—дҪҚз®ЎзҗҶиҸңеҚ•'),(105,'еӯ—е…ёз®ЎзҗҶ',1,6,'dict','system/dict/index','',1,0,'C','0','0','system:dict:list','dict','admin','2026-01-16 13:11:14','',NULL,'еӯ—е…ёз®ЎзҗҶиҸңеҚ•'),(106,'еҸӮж•°и®ҫзҪ®',1,7,'config','system/config/index','',1,0,'C','0','0','system:config:list','edit','admin','2026-01-16 13:11:14','',NULL,'еҸӮж•°и®ҫзҪ®иҸңеҚ•'),(107,'йҖҡзҹҘе…¬е‘Ҡ',1,8,'notice','system/notice/index','',1,0,'C','0','0','system:notice:list','message','admin','2026-01-16 13:11:14','',NULL,'йҖҡзҹҘе…¬е‘ҠиҸңеҚ•'),(108,'ж—Ҙеҝ—з®ЎзҗҶ',1,9,'log','','',1,0,'M','0','0','','log','admin','2026-01-16 13:11:14','',NULL,'ж—Ҙеҝ—з®ЎзҗҶиҸңеҚ•'),(109,'еңЁзәҝз”ЁжҲ·',2,1,'online','monitor/online/index','',1,0,'C','0','0','monitor:online:list','online','admin','2026-01-16 13:11:14','',NULL,'еңЁзәҝз”ЁжҲ·иҸңеҚ•'),(110,'е®ҡж—¶д»»еҠЎ',2,2,'job','monitor/job/index','',1,0,'C','0','0','monitor:job:list','job','admin','2026-01-16 13:11:14','',NULL,'е®ҡж—¶д»»еҠЎиҸңеҚ•'),(111,'ж•°жҚ®зӣ‘жҺ§',2,3,'druid','monitor/druid/index','',1,0,'C','0','0','monitor:druid:list','druid','admin','2026-01-16 13:11:14','',NULL,'ж•°жҚ®зӣ‘жҺ§иҸңеҚ•'),(112,'жңҚеҠЎзӣ‘жҺ§',2,4,'server','monitor/server/index','',1,0,'C','0','0','monitor:server:list','server','admin','2026-01-16 13:11:14','',NULL,'жңҚеҠЎзӣ‘жҺ§иҸңеҚ•'),(113,'зј“еӯҳзӣ‘жҺ§',2,5,'cache','monitor/cache/index','',1,0,'C','0','0','monitor:cache:list','redis','admin','2026-01-16 13:11:14','',NULL,'зј“еӯҳзӣ‘жҺ§иҸңеҚ•'),(114,'зј“еӯҳеҲ—иЎЁ',2,6,'cacheList','monitor/cache/list','',1,0,'C','0','0','monitor:cache:list','redis-list','admin','2026-01-16 13:11:14','',NULL,'зј“еӯҳеҲ—иЎЁиҸңеҚ•'),(115,'иЎЁеҚ•жһ„е»ә',3,1,'build','tool/build/index','',1,0,'C','0','0','tool:build:list','build','admin','2026-01-16 13:11:14','',NULL,'иЎЁеҚ•жһ„е»әиҸңеҚ•'),(116,'д»Јз Ғз”ҹжҲҗ',3,2,'gen','tool/gen/index','',1,0,'C','0','0','tool:gen:list','code','admin','2026-01-16 13:11:14','',NULL,'д»Јз Ғз”ҹжҲҗиҸңеҚ•'),(117,'зі»з»ҹжҺҘеҸЈ',3,3,'swagger','tool/swagger/index','',1,0,'C','0','0','tool:swagger:list','swagger','admin','2026-01-16 13:11:14','',NULL,'зі»з»ҹжҺҘеҸЈиҸңеҚ•'),(500,'ж“ҚдҪңж—Ҙеҝ—',108,1,'operlog','monitor/operlog/index','',1,0,'C','0','0','monitor:operlog:list','form','admin','2026-01-16 13:11:14','',NULL,'ж“ҚдҪңж—Ҙеҝ—иҸңеҚ•'),(501,'зҷ»еҪ•ж—Ҙеҝ—',108,2,'logininfor','monitor/logininfor/index','',1,0,'C','0','0','monitor:logininfor:list','logininfor','admin','2026-01-16 13:11:14','',NULL,'зҷ»еҪ•ж—Ҙеҝ—иҸңеҚ•'),(1000,'з”ЁжҲ·жҹҘиҜў',100,1,'','','',1,0,'F','0','0','system:user:query','#','admin','2026-01-16 13:11:14','',NULL,''),(1001,'з”ЁжҲ·ж–°еўһ',100,2,'','','',1,0,'F','0','0','system:user:add','#','admin','2026-01-16 13:11:14','',NULL,''),(1002,'з”ЁжҲ·дҝ®ж”№',100,3,'','','',1,0,'F','0','0','system:user:edit','#','admin','2026-01-16 13:11:14','',NULL,''),(1003,'з”ЁжҲ·еҲ йҷӨ',100,4,'','','',1,0,'F','0','0','system:user:remove','#','admin','2026-01-16 13:11:14','',NULL,''),(1004,'з”ЁжҲ·еҜјеҮә',100,5,'','','',1,0,'F','0','0','system:user:export','#','admin','2026-01-16 13:11:14','',NULL,''),(1005,'з”ЁжҲ·еҜје…Ҙ',100,6,'','','',1,0,'F','0','0','system:user:import','#','admin','2026-01-16 13:11:14','',NULL,''),(1006,'йҮҚзҪ®еҜҶз Ғ',100,7,'','','',1,0,'F','0','0','system:user:resetPwd','#','admin','2026-01-16 13:11:14','',NULL,''),(1007,'и§’иүІжҹҘиҜў',101,1,'','','',1,0,'F','0','0','system:role:query','#','admin','2026-01-16 13:11:14','',NULL,''),(1008,'и§’иүІж–°еўһ',101,2,'','','',1,0,'F','0','0','system:role:add','#','admin','2026-01-16 13:11:14','',NULL,''),(1009,'и§’иүІдҝ®ж”№',101,3,'','','',1,0,'F','0','0','system:role:edit','#','admin','2026-01-16 13:11:14','',NULL,''),(1010,'и§’иүІеҲ йҷӨ',101,4,'','','',1,0,'F','0','0','system:role:remove','#','admin','2026-01-16 13:11:14','',NULL,''),(1011,'и§’иүІеҜјеҮә',101,5,'','','',1,0,'F','0','0','system:role:export','#','admin','2026-01-16 13:11:14','',NULL,''),(1012,'иҸңеҚ•жҹҘиҜў',102,1,'','','',1,0,'F','0','0','system:menu:query','#','admin','2026-01-16 13:11:14','',NULL,''),(1013,'иҸңеҚ•ж–°еўһ',102,2,'','','',1,0,'F','0','0','system:menu:add','#','admin','2026-01-16 13:11:14','',NULL,''),(1014,'иҸңеҚ•дҝ®ж”№',102,3,'','','',1,0,'F','0','0','system:menu:edit','#','admin','2026-01-16 13:11:14','',NULL,''),(1015,'иҸңеҚ•еҲ йҷӨ',102,4,'','','',1,0,'F','0','0','system:menu:remove','#','admin','2026-01-16 13:11:14','',NULL,''),(1016,'йғЁй—ЁжҹҘиҜў',103,1,'','','',1,0,'F','0','0','system:dept:query','#','admin','2026-01-16 13:11:14','',NULL,''),(1017,'йғЁй—Ёж–°еўһ',103,2,'','','',1,0,'F','0','0','system:dept:add','#','admin','2026-01-16 13:11:14','',NULL,''),(1018,'йғЁй—Ёдҝ®ж”№',103,3,'','','',1,0,'F','0','0','system:dept:edit','#','admin','2026-01-16 13:11:14','',NULL,''),(1019,'йғЁй—ЁеҲ йҷӨ',103,4,'','','',1,0,'F','0','0','system:dept:remove','#','admin','2026-01-16 13:11:14','',NULL,''),(1020,'еІ—дҪҚжҹҘиҜў',104,1,'','','',1,0,'F','0','0','system:post:query','#','admin','2026-01-16 13:11:14','',NULL,''),(1021,'еІ—дҪҚж–°еўһ',104,2,'','','',1,0,'F','0','0','system:post:add','#','admin','2026-01-16 13:11:14','',NULL,''),(1022,'еІ—дҪҚдҝ®ж”№',104,3,'','','',1,0,'F','0','0','system:post:edit','#','admin','2026-01-16 13:11:14','',NULL,''),(1023,'еІ—дҪҚеҲ йҷӨ',104,4,'','','',1,0,'F','0','0','system:post:remove','#','admin','2026-01-16 13:11:14','',NULL,''),(1024,'еІ—дҪҚеҜјеҮә',104,5,'','','',1,0,'F','0','0','system:post:export','#','admin','2026-01-16 13:11:14','',NULL,''),(1025,'еӯ—е…ёжҹҘиҜў',105,1,'#','','',1,0,'F','0','0','system:dict:query','#','admin','2026-01-16 13:11:14','',NULL,''),(1026,'еӯ—е…ёж–°еўһ',105,2,'#','','',1,0,'F','0','0','system:dict:add','#','admin','2026-01-16 13:11:14','',NULL,''),(1027,'еӯ—е…ёдҝ®ж”№',105,3,'#','','',1,0,'F','0','0','system:dict:edit','#','admin','2026-01-16 13:11:14','',NULL,''),(1028,'еӯ—е…ёеҲ йҷӨ',105,4,'#','','',1,0,'F','0','0','system:dict:remove','#','admin','2026-01-16 13:11:14','',NULL,''),(1029,'еӯ—е…ёеҜјеҮә',105,5,'#','','',1,0,'F','0','0','system:dict:export','#','admin','2026-01-16 13:11:14','',NULL,''),(1030,'еҸӮж•°жҹҘиҜў',106,1,'#','','',1,0,'F','0','0','system:config:query','#','admin','2026-01-16 13:11:14','',NULL,''),(1031,'еҸӮж•°ж–°еўһ',106,2,'#','','',1,0,'F','0','0','system:config:add','#','admin','2026-01-16 13:11:14','',NULL,''),(1032,'еҸӮж•°дҝ®ж”№',106,3,'#','','',1,0,'F','0','0','system:config:edit','#','admin','2026-01-16 13:11:14','',NULL,''),(1033,'еҸӮж•°еҲ йҷӨ',106,4,'#','','',1,0,'F','0','0','system:config:remove','#','admin','2026-01-16 13:11:14','',NULL,''),(1034,'еҸӮж•°еҜјеҮә',106,5,'#','','',1,0,'F','0','0','system:config:export','#','admin','2026-01-16 13:11:14','',NULL,''),(1035,'е…¬е‘ҠжҹҘиҜў',107,1,'#','','',1,0,'F','0','0','system:notice:query','#','admin','2026-01-16 13:11:14','',NULL,''),(1036,'е…¬е‘Ҡж–°еўһ',107,2,'#','','',1,0,'F','0','0','system:notice:add','#','admin','2026-01-16 13:11:14','',NULL,''),(1037,'е…¬е‘Ҡдҝ®ж”№',107,3,'#','','',1,0,'F','0','0','system:notice:edit','#','admin','2026-01-16 13:11:14','',NULL,''),(1038,'е…¬е‘ҠеҲ йҷӨ',107,4,'#','','',1,0,'F','0','0','system:notice:remove','#','admin','2026-01-16 13:11:14','',NULL,''),(1039,'ж“ҚдҪңжҹҘиҜў',500,1,'#','','',1,0,'F','0','0','monitor:operlog:query','#','admin','2026-01-16 13:11:14','',NULL,''),(1040,'ж“ҚдҪңеҲ йҷӨ',500,2,'#','','',1,0,'F','0','0','monitor:operlog:remove','#','admin','2026-01-16 13:11:14','',NULL,''),(1041,'ж—Ҙеҝ—еҜјеҮә',500,3,'#','','',1,0,'F','0','0','monitor:operlog:export','#','admin','2026-01-16 13:11:14','',NULL,''),(1042,'зҷ»еҪ•жҹҘиҜў',501,1,'#','','',1,0,'F','0','0','monitor:logininfor:query','#','admin','2026-01-16 13:11:14','',NULL,''),(1043,'зҷ»еҪ•еҲ йҷӨ',501,2,'#','','',1,0,'F','0','0','monitor:logininfor:remove','#','admin','2026-01-16 13:11:14','',NULL,''),(1044,'ж—Ҙеҝ—еҜјеҮә',501,3,'#','','',1,0,'F','0','0','monitor:logininfor:export','#','admin','2026-01-16 13:11:14','',NULL,''),(1045,'иҙҰжҲ·и§Јй”Ғ',501,4,'#','','',1,0,'F','0','0','monitor:logininfor:unlock','#','admin','2026-01-16 13:11:14','',NULL,''),(1046,'еңЁзәҝжҹҘиҜў',109,1,'#','','',1,0,'F','0','0','monitor:online:query','#','admin','2026-01-16 13:11:14','',NULL,''),(1047,'жү№йҮҸејәйҖҖ',109,2,'#','','',1,0,'F','0','0','monitor:online:batchLogout','#','admin','2026-01-16 13:11:14','',NULL,''),(1048,'еҚ•жқЎејәйҖҖ',109,3,'#','','',1,0,'F','0','0','monitor:online:forceLogout','#','admin','2026-01-16 13:11:14','',NULL,''),(1049,'д»»еҠЎжҹҘиҜў',110,1,'#','','',1,0,'F','0','0','monitor:job:query','#','admin','2026-01-16 13:11:14','',NULL,''),(1050,'д»»еҠЎж–°еўһ',110,2,'#','','',1,0,'F','0','0','monitor:job:add','#','admin','2026-01-16 13:11:14','',NULL,''),(1051,'д»»еҠЎдҝ®ж”№',110,3,'#','','',1,0,'F','0','0','monitor:job:edit','#','admin','2026-01-16 13:11:14','',NULL,''),(1052,'д»»еҠЎеҲ йҷӨ',110,4,'#','','',1,0,'F','0','0','monitor:job:remove','#','admin','2026-01-16 13:11:14','',NULL,''),(1053,'зҠ¶жҖҒдҝ®ж”№',110,5,'#','','',1,0,'F','0','0','monitor:job:changeStatus','#','admin','2026-01-16 13:11:14','',NULL,''),(1054,'д»»еҠЎеҜјеҮә',110,6,'#','','',1,0,'F','0','0','monitor:job:export','#','admin','2026-01-16 13:11:14','',NULL,''),(1055,'з”ҹжҲҗжҹҘиҜў',116,1,'#','','',1,0,'F','0','0','tool:gen:query','#','admin','2026-01-16 13:11:14','',NULL,''),(1056,'з”ҹжҲҗдҝ®ж”№',116,2,'#','','',1,0,'F','0','0','tool:gen:edit','#','admin','2026-01-16 13:11:14','',NULL,''),(1057,'з”ҹжҲҗеҲ йҷӨ',116,3,'#','','',1,0,'F','0','0','tool:gen:remove','#','admin','2026-01-16 13:11:14','',NULL,''),(1058,'еҜје…Ҙд»Јз Ғ',116,4,'#','','',1,0,'F','0','0','tool:gen:import','#','admin','2026-01-16 13:11:14','',NULL,''),(1059,'йў„и§Ҳд»Јз Ғ',116,5,'#','','',1,0,'F','0','0','tool:gen:preview','#','admin','2026-01-16 13:11:14','',NULL,''),(1060,'з”ҹжҲҗд»Јз Ғ',116,6,'#','','',1,0,'F','0','0','tool:gen:code','#','admin','2026-01-16 13:11:14','',NULL,''),(2018,'AIжҷәж…§еӨ§и„‘',0,10,'ai',NULL,NULL,1,0,'M','0','0','','brain','admin','2026-01-23 21:24:42','',NULL,'AIз®—жі•дёӯеҝғ'),(2019,'и·ҢеҖ’жЈҖжөӢй©ҫй©¶иҲұ',2018,1,'cockpit','ai/cockpit',NULL,1,0,'C','0','0','ai:cockpit:view','monitor','admin','2026-01-23 21:24:42','',NULL,'еҸҜи§ҶеҢ–еұ•зӨәдёӯеҝғ'),(2020,'и·ҢеҖ’жЈҖжөӢз®ЎзҗҶ',2018,2,'fall','ai/fall/index',NULL,1,0,'C','0','0','ai:fall:list','list','admin','2026-01-23 21:24:42','',NULL,'и·ҢеҖ’ж•°жҚ®з®ЎзҗҶ'),(2021,'з®—жі•жҖ»и§Ҳ',2018,0,'dashboard','ai/dashboard/index',NULL,1,0,'C','0','0','ai:dashboard:view','dashboard','admin','2026-01-23 21:24:42','',NULL,'з®—жі•иҝҗиЎҢжҰӮи§Ҳ'),(2022,'ејӮеёёжЈҖжөӢйӘҢиҜҒ',2018,3,'abnormal','ai/abnormal/index',NULL,1,0,'C','0','0','ai:abnormal:view','monitor','admin','2026-01-23 21:24:42','',NULL,'ејӮеёёйӘҢиҜҒе®һйӘҢе®Ө'),(2023,'и¶ӢеҠҝеҲҶжһҗйў„жөӢ',2018,4,'trend','ai/trend/index',NULL,1,0,'C','0','0','ai:trend:view','chart','admin','2026-01-23 22:22:08','',NULL,'ж•°жҚ®и¶ӢеҠҝйў„жөӢ'),(2024,'з»јеҗҲйЈҺйҷ©иҜ„дј°',2018,5,'risk','ai/risk/index',NULL,1,0,'C','0','0','ai:risk:view','dashboard','admin','2026-01-23 22:31:02','',NULL,'еӨҡеӣ еӯҗйЈҺйҷ©иҜ„дј°'),(2025,'ж•°жҚ®иҙЁйҮҸжҰӮи§Ҳ',2018,6,'quality','ai/dataQuality/index',NULL,1,0,'C','0','0','ai:quality:view','list','admin','2026-01-23 22:38:36','',NULL,'ж•°жҚ®е®Ңж•ҙжҖ§жЈҖжөӢ');
/*!40000 ALTER TABLE `sys_menu` ENABLE KEYS */;
UNLOCK TABLES;

--
-- Table structure for table `sys_notice`
--

DROP TABLE IF EXISTS `sys_notice`;
/*!40101 SET @saved_cs_client     = @@character_set_client */;
/*!50503 SET character_set_client = utf8mb4 */;
CREATE TABLE `sys_notice` (
  `notice_id` int NOT NULL AUTO_INCREMENT COMMENT 'е…¬е‘ҠID',
  `notice_title` varchar(50) COLLATE utf8mb4_general_ci NOT NULL COMMENT 'е…¬е‘Ҡж Үйўҳ',
  `notice_type` char(1) COLLATE utf8mb4_general_ci NOT NULL COMMENT 'е…¬е‘Ҡзұ»еһӢпјҲ1йҖҡзҹҘ 2е…¬е‘Ҡпјү',
  `notice_content` longblob COMMENT 'е…¬е‘ҠеҶ…е®№',
  `status` char(1) COLLATE utf8mb4_general_ci DEFAULT '0' COMMENT 'е…¬е‘ҠзҠ¶жҖҒпјҲ0жӯЈеёё 1е…ій—ӯпјү',
  `create_by` varchar(64) COLLATE utf8mb4_general_ci DEFAULT '' COMMENT 'еҲӣе»әиҖ…',
  `create_time` datetime DEFAULT NULL COMMENT 'еҲӣе»әж—¶й—ҙ',
  `update_by` varchar(64) COLLATE utf8mb4_general_ci DEFAULT '' COMMENT 'жӣҙж–°иҖ…',
  `update_time` datetime DEFAULT NULL COMMENT 'жӣҙж–°ж—¶й—ҙ',
  `remark` varchar(255) COLLATE utf8mb4_general_ci DEFAULT NULL COMMENT 'еӨҮжіЁ',
  PRIMARY KEY (`notice_id`)
) ENGINE=InnoDB AUTO_INCREMENT=10 DEFAULT CHARSET=utf8mb4 COLLATE=utf8mb4_general_ci COMMENT='йҖҡзҹҘе…¬е‘ҠиЎЁ';
/*!40101 SET character_set_client = @saved_cs_client */;

--
-- Dumping data for table `sys_notice`
--

LOCK TABLES `sys_notice` WRITE;
/*!40000 ALTER TABLE `sys_notice` DISABLE KEYS */;
INSERT INTO `sys_notice` VALUES (1,'жё©йҰЁжҸҗйҶ’пјҡ2018-07-01 иӢҘдҫқж–°зүҲжң¬еҸ‘еёғе•Ұ','2',_binary 'ж–°зүҲжң¬еҶ…е®№','0','admin','2026-01-16 13:11:15','',NULL,'з®ЎзҗҶе‘ҳ'),(2,'з»ҙжҠӨйҖҡзҹҘпјҡ2018-07-01 иӢҘдҫқзі»з»ҹеҮҢжҷЁз»ҙжҠӨ','1',_binary 'з»ҙжҠӨеҶ…е®№','0','admin','2026-01-16 13:11:15','',NULL,'з®ЎзҗҶе‘ҳ');
/*!40000 ALTER TABLE `sys_notice` ENABLE KEYS */;
UNLOCK TABLES;

--
-- Table structure for table `sys_oper_log`
--

DROP TABLE IF EXISTS `sys_oper_log`;
/*!40101 SET @saved_cs_client     = @@character_set_client */;
/*!50503 SET character_set_client = utf8mb4 */;
CREATE TABLE `sys_oper_log` (
  `oper_id` bigint NOT NULL AUTO_INCREMENT COMMENT 'ж—Ҙеҝ—дё»й”®',
  `title` varchar(50) COLLATE utf8mb4_general_ci DEFAULT '' COMMENT 'жЁЎеқ—ж Үйўҳ',
  `business_type` int DEFAULT '0' COMMENT 'дёҡеҠЎзұ»еһӢпјҲ0е…¶е®ғ 1ж–°еўһ 2дҝ®ж”№ 3еҲ йҷӨпјү',
  `method` varchar(100) COLLATE utf8mb4_general_ci DEFAULT '' COMMENT 'ж–№жі•еҗҚз§°',
  `request_method` varchar(10) COLLATE utf8mb4_general_ci DEFAULT '' COMMENT 'иҜ·жұӮж–№ејҸ',
  `operator_type` int DEFAULT '0' COMMENT 'ж“ҚдҪңзұ»еҲ«пјҲ0е…¶е®ғ 1еҗҺеҸ°з”ЁжҲ· 2жүӢжңәз«Ҝз”ЁжҲ·пјү',
  `oper_name` varchar(50) COLLATE utf8mb4_general_ci DEFAULT '' COMMENT 'ж“ҚдҪңдәәе‘ҳ',
  `dept_name` varchar(50) COLLATE utf8mb4_general_ci DEFAULT '' COMMENT 'йғЁй—ЁеҗҚз§°',
  `oper_url` varchar(255) COLLATE utf8mb4_general_ci DEFAULT '' COMMENT 'иҜ·жұӮURL',
  `oper_ip` varchar(128) COLLATE utf8mb4_general_ci DEFAULT '' COMMENT 'дё»жңәең°еқҖ',
  `oper_location` varchar(255) COLLATE utf8mb4_general_ci DEFAULT '' COMMENT 'ж“ҚдҪңең°зӮ№',
  `oper_param` varchar(2000) COLLATE utf8mb4_general_ci DEFAULT '' COMMENT 'иҜ·жұӮеҸӮж•°',
  `json_result` varchar(2000) COLLATE utf8mb4_general_ci DEFAULT '' COMMENT 'иҝ”еӣһеҸӮж•°',
  `status` int DEFAULT '0' COMMENT 'ж“ҚдҪңзҠ¶жҖҒпјҲ0жӯЈеёё 1ејӮеёёпјү',
  `error_msg` varchar(2000) COLLATE utf8mb4_general_ci DEFAULT '' COMMENT 'й”ҷиҜҜж¶ҲжҒҜ',
  `oper_time` datetime DEFAULT NULL COMMENT 'ж“ҚдҪңж—¶й—ҙ',
  `cost_time` bigint DEFAULT '0' COMMENT 'ж¶ҲиҖ—ж—¶й—ҙ',
  PRIMARY KEY (`oper_id`),
  KEY `idx_sys_oper_log_bt` (`business_type`),
  KEY `idx_sys_oper_log_s` (`status`),
  KEY `idx_sys_oper_log_ot` (`oper_time`)
) ENGINE=InnoDB AUTO_INCREMENT=100 DEFAULT CHARSET=utf8mb4 COLLATE=utf8mb4_general_ci COMMENT='ж“ҚдҪңж—Ҙеҝ—и®°еҪ•';
/*!40101 SET character_set_client = @saved_cs_client */;

--
-- Dumping data for table `sys_oper_log`
--

LOCK TABLES `sys_oper_log` WRITE;
/*!40000 ALTER TABLE `sys_oper_log` DISABLE KEYS */;
/*!40000 ALTER TABLE `sys_oper_log` ENABLE KEYS */;
UNLOCK TABLES;

--
-- Table structure for table `sys_post`
--

DROP TABLE IF EXISTS `sys_post`;
/*!40101 SET @saved_cs_client     = @@character_set_client */;
/*!50503 SET character_set_client = utf8mb4 */;
CREATE TABLE `sys_post` (
  `post_id` bigint NOT NULL AUTO_INCREMENT COMMENT 'еІ—дҪҚID',
  `post_code` varchar(64) COLLATE utf8mb4_general_ci NOT NULL COMMENT 'еІ—дҪҚзј–з Ғ',
  `post_name` varchar(50) COLLATE utf8mb4_general_ci NOT NULL COMMENT 'еІ—дҪҚеҗҚз§°',
  `post_sort` int NOT NULL COMMENT 'жҳҫзӨәйЎәеәҸ',
  `status` char(1) COLLATE utf8mb4_general_ci NOT NULL COMMENT 'зҠ¶жҖҒпјҲ0жӯЈеёё 1еҒңз”Ёпјү',
  `create_by` varchar(64) COLLATE utf8mb4_general_ci DEFAULT '' COMMENT 'еҲӣе»әиҖ…',
  `create_time` datetime DEFAULT NULL COMMENT 'еҲӣе»әж—¶й—ҙ',
  `update_by` varchar(64) COLLATE utf8mb4_general_ci DEFAULT '' COMMENT 'жӣҙж–°иҖ…',
  `update_time` datetime DEFAULT NULL COMMENT 'жӣҙж–°ж—¶й—ҙ',
  `remark` varchar(500) COLLATE utf8mb4_general_ci DEFAULT NULL COMMENT 'еӨҮжіЁ',
  PRIMARY KEY (`post_id`)
) ENGINE=InnoDB AUTO_INCREMENT=5 DEFAULT CHARSET=utf8mb4 COLLATE=utf8mb4_general_ci COMMENT='еІ—дҪҚдҝЎжҒҜиЎЁ';
/*!40101 SET character_set_client = @saved_cs_client */;

--
-- Dumping data for table `sys_post`
--

LOCK TABLES `sys_post` WRITE;
/*!40000 ALTER TABLE `sys_post` DISABLE KEYS */;
INSERT INTO `sys_post` VALUES (1,'ceo','и‘ЈдәӢй•ҝ',1,'0','admin','2026-01-16 13:11:13','',NULL,''),(2,'se','йЎ№зӣ®з»ҸзҗҶ',2,'0','admin','2026-01-16 13:11:13','',NULL,''),(3,'hr','дәәеҠӣиө„жәҗ',3,'0','admin','2026-01-16 13:11:13','',NULL,''),(4,'user','жҷ®йҖҡе‘ҳе·Ҙ',4,'0','admin','2026-01-16 13:11:13','',NULL,'');
/*!40000 ALTER TABLE `sys_post` ENABLE KEYS */;
UNLOCK TABLES;

--
-- Table structure for table `sys_role`
--

DROP TABLE IF EXISTS `sys_role`;
/*!40101 SET @saved_cs_client     = @@character_set_client */;
/*!50503 SET character_set_client = utf8mb4 */;
CREATE TABLE `sys_role` (
  `role_id` bigint NOT NULL AUTO_INCREMENT COMMENT 'и§’иүІID',
  `role_name` varchar(30) COLLATE utf8mb4_general_ci NOT NULL COMMENT 'и§’иүІеҗҚз§°',
  `role_key` varchar(100) COLLATE utf8mb4_general_ci NOT NULL COMMENT 'и§’иүІжқғйҷҗеӯ—з¬ҰдёІ',
  `role_sort` int NOT NULL COMMENT 'жҳҫзӨәйЎәеәҸ',
  `data_scope` char(1) COLLATE utf8mb4_general_ci DEFAULT '1' COMMENT 'ж•°жҚ®иҢғеӣҙпјҲ1пјҡе…ЁйғЁж•°жҚ®жқғйҷҗ 2пјҡиҮӘе®ҡж•°жҚ®жқғйҷҗ 3пјҡжң¬йғЁй—Ёж•°жҚ®жқғйҷҗ 4пјҡжң¬йғЁй—ЁеҸҠд»ҘдёӢж•°жҚ®жқғйҷҗпјү',
  `menu_check_strictly` tinyint(1) DEFAULT '1' COMMENT 'иҸңеҚ•ж ‘йҖүжӢ©йЎ№жҳҜеҗҰе…іиҒ”жҳҫзӨә',
  `dept_check_strictly` tinyint(1) DEFAULT '1' COMMENT 'йғЁй—Ёж ‘йҖүжӢ©йЎ№жҳҜеҗҰе…іиҒ”жҳҫзӨә',
  `status` char(1) COLLATE utf8mb4_general_ci NOT NULL COMMENT 'и§’иүІзҠ¶жҖҒпјҲ0жӯЈеёё 1еҒңз”Ёпјү',
  `del_flag` char(1) COLLATE utf8mb4_general_ci DEFAULT '0' COMMENT 'еҲ йҷӨж Үеҝ—пјҲ0д»ЈиЎЁеӯҳеңЁ 2д»ЈиЎЁеҲ йҷӨпјү',
  `create_by` varchar(64) COLLATE utf8mb4_general_ci DEFAULT '' COMMENT 'еҲӣе»әиҖ…',
  `create_time` datetime DEFAULT NULL COMMENT 'еҲӣе»әж—¶й—ҙ',
  `update_by` varchar(64) COLLATE utf8mb4_general_ci DEFAULT '' COMMENT 'жӣҙж–°иҖ…',
  `update_time` datetime DEFAULT NULL COMMENT 'жӣҙж–°ж—¶й—ҙ',
  `remark` varchar(500) COLLATE utf8mb4_general_ci DEFAULT NULL COMMENT 'еӨҮжіЁ',
  PRIMARY KEY (`role_id`)
) ENGINE=InnoDB AUTO_INCREMENT=100 DEFAULT CHARSET=utf8mb4 COLLATE=utf8mb4_general_ci COMMENT='и§’иүІдҝЎжҒҜиЎЁ';
/*!40101 SET character_set_client = @saved_cs_client */;

--
-- Dumping data for table `sys_role`
--

LOCK TABLES `sys_role` WRITE;
/*!40000 ALTER TABLE `sys_role` DISABLE KEYS */;
INSERT INTO `sys_role` VALUES (1,'и¶…зә§з®ЎзҗҶе‘ҳ','admin',1,'1',1,1,'0','0','admin','2026-01-16 13:11:14','',NULL,'и¶…зә§з®ЎзҗҶе‘ҳ'),(2,'жҷ®йҖҡи§’иүІ','common',2,'2',1,1,'0','0','admin','2026-01-16 13:11:14','',NULL,'жҷ®йҖҡи§’иүІ');
/*!40000 ALTER TABLE `sys_role` ENABLE KEYS */;
UNLOCK TABLES;

--
-- Table structure for table `sys_role_dept`
--

DROP TABLE IF EXISTS `sys_role_dept`;
/*!40101 SET @saved_cs_client     = @@character_set_client */;
/*!50503 SET character_set_client = utf8mb4 */;
CREATE TABLE `sys_role_dept` (
  `role_id` bigint NOT NULL COMMENT 'и§’иүІID',
  `dept_id` bigint NOT NULL COMMENT 'йғЁй—ЁID',
  PRIMARY KEY (`role_id`,`dept_id`)
) ENGINE=InnoDB DEFAULT CHARSET=utf8mb4 COLLATE=utf8mb4_general_ci COMMENT='и§’иүІе’ҢйғЁй—Ёе…іиҒ”иЎЁ';
/*!40101 SET character_set_client = @saved_cs_client */;

--
-- Dumping data for table `sys_role_dept`
--

LOCK TABLES `sys_role_dept` WRITE;
/*!40000 ALTER TABLE `sys_role_dept` DISABLE KEYS */;
INSERT INTO `sys_role_dept` VALUES (2,100),(2,101),(2,105);
/*!40000 ALTER TABLE `sys_role_dept` ENABLE KEYS */;
UNLOCK TABLES;

--
-- Table structure for table `sys_role_menu`
--

DROP TABLE IF EXISTS `sys_role_menu`;
/*!40101 SET @saved_cs_client     = @@character_set_client */;
/*!50503 SET character_set_client = utf8mb4 */;
CREATE TABLE `sys_role_menu` (
  `role_id` bigint NOT NULL COMMENT 'и§’иүІID',
  `menu_id` bigint NOT NULL COMMENT 'иҸңеҚ•ID',
  PRIMARY KEY (`role_id`,`menu_id`)
) ENGINE=InnoDB DEFAULT CHARSET=utf8mb4 COLLATE=utf8mb4_general_ci COMMENT='и§’иүІе’ҢиҸңеҚ•е…іиҒ”иЎЁ';
/*!40101 SET character_set_client = @saved_cs_client */;

--
-- Dumping data for table `sys_role_menu`
--

LOCK TABLES `sys_role_menu` WRITE;
/*!40000 ALTER TABLE `sys_role_menu` DISABLE KEYS */;
INSERT INTO `sys_role_menu` VALUES (2,1),(2,2),(2,3),(2,4),(2,100),(2,101),(2,102),(2,103),(2,104),(2,105),(2,106),(2,107),(2,108),(2,109),(2,110),(2,111),(2,112),(2,113),(2,114),(2,115),(2,116),(2,117),(2,500),(2,501),(2,1000),(2,1001),(2,1002),(2,1003),(2,1004),(2,1005),(2,1006),(2,1007),(2,1008),(2,1009),(2,1010),(2,1011),(2,1012),(2,1013),(2,1014),(2,1015),(2,1016),(2,1017),(2,1018),(2,1019),(2,1020),(2,1021),(2,1022),(2,1023),(2,1024),(2,1025),(2,1026),(2,1027),(2,1028),(2,1029),(2,1030),(2,1031),(2,1032),(2,1033),(2,1034),(2,1035),(2,1036),(2,1037),(2,1038),(2,1039),(2,1040),(2,1041),(2,1042),(2,1043),(2,1044),(2,1045),(2,1046),(2,1047),(2,1048),(2,1049),(2,1050),(2,1051),(2,1052),(2,1053),(2,1054),(2,1055),(2,1056),(2,1057),(2,1058),(2,1059),(2,1060);
/*!40000 ALTER TABLE `sys_role_menu` ENABLE KEYS */;
UNLOCK TABLES;

--
-- Table structure for table `sys_user`
--

DROP TABLE IF EXISTS `sys_user`;
/*!40101 SET @saved_cs_client     = @@character_set_client */;
/*!50503 SET character_set_client = utf8mb4 */;
CREATE TABLE `sys_user` (
  `user_id` bigint NOT NULL AUTO_INCREMENT COMMENT 'з”ЁжҲ·ID',
  `dept_id` bigint DEFAULT NULL COMMENT 'йғЁй—ЁID',
  `user_name` varchar(30) COLLATE utf8mb4_general_ci NOT NULL COMMENT 'з”ЁжҲ·иҙҰеҸ·',
  `nick_name` varchar(30) COLLATE utf8mb4_general_ci NOT NULL COMMENT 'з”ЁжҲ·жҳөз§°',
  `user_type` varchar(2) COLLATE utf8mb4_general_ci DEFAULT '00' COMMENT 'з”ЁжҲ·зұ»еһӢпјҲ00зі»з»ҹз”ЁжҲ·пјү',
  `email` varchar(50) COLLATE utf8mb4_general_ci DEFAULT '' COMMENT 'з”ЁжҲ·йӮ®з®ұ',
  `phonenumber` varchar(11) COLLATE utf8mb4_general_ci DEFAULT '' COMMENT 'жүӢжңәеҸ·з Ғ',
  `age` int DEFAULT NULL COMMENT 'е№ҙйҫ„',
  `sex` char(1) COLLATE utf8mb4_general_ci DEFAULT '0' COMMENT 'з”ЁжҲ·жҖ§еҲ«пјҲ0з”· 1еҘі 2жңӘзҹҘпјү',
  `avatar` varchar(100) COLLATE utf8mb4_general_ci DEFAULT '' COMMENT 'еӨҙеғҸең°еқҖ',
  `password` varchar(100) COLLATE utf8mb4_general_ci DEFAULT '' COMMENT 'еҜҶз Ғ',
  `status` char(1) COLLATE utf8mb4_general_ci DEFAULT '0' COMMENT 'еёҗеҸ·зҠ¶жҖҒпјҲ0жӯЈеёё 1еҒңз”Ёпјү',
  `del_flag` char(1) COLLATE utf8mb4_general_ci DEFAULT '0' COMMENT 'еҲ йҷӨж Үеҝ—пјҲ0д»ЈиЎЁеӯҳеңЁ 2д»ЈиЎЁеҲ йҷӨпјү',
  `login_ip` varchar(128) COLLATE utf8mb4_general_ci DEFAULT '' COMMENT 'жңҖеҗҺзҷ»еҪ•IP',
  `login_date` datetime DEFAULT NULL COMMENT 'жңҖеҗҺзҷ»еҪ•ж—¶й—ҙ',
  `create_by` varchar(64) COLLATE utf8mb4_general_ci DEFAULT '' COMMENT 'еҲӣе»әиҖ…',
  `create_time` datetime DEFAULT NULL COMMENT 'еҲӣе»әж—¶й—ҙ',
  `update_by` varchar(64) COLLATE utf8mb4_general_ci DEFAULT '' COMMENT 'жӣҙж–°иҖ…',
  `update_time` datetime DEFAULT NULL COMMENT 'жӣҙж–°ж—¶й—ҙ',
  `remark` varchar(500) COLLATE utf8mb4_general_ci DEFAULT NULL COMMENT 'еӨҮжіЁ',
  PRIMARY KEY (`user_id`)
) ENGINE=InnoDB AUTO_INCREMENT=100 DEFAULT CHARSET=utf8mb4 COLLATE=utf8mb4_general_ci COMMENT='з”ЁжҲ·дҝЎжҒҜиЎЁ';
/*!40101 SET character_set_client = @saved_cs_client */;

--
-- Dumping data for table `sys_user`
--

LOCK TABLES `sys_user` WRITE;
/*!40000 ALTER TABLE `sys_user` DISABLE KEYS */;
INSERT INTO `sys_user` VALUES (1,103,'admin','иӢҘдҫқ','00','ry@163.com','15888888888',NULL,'1','','$2a$10$7JB720yubVSZvUI0rEqK/.VqGOZTH.ulu33dHOiBE8ByOhJIrdAu2','0','0','127.0.0.1','2026-01-24 13:44:43','admin','2026-01-16 13:11:13','','2026-01-24 13:44:43','з®ЎзҗҶе‘ҳ'),(2,105,'ry','иӢҘдҫқ','00','ry@qq.com','15666666666',NULL,'1','','$2a$10$7JB720yubVSZvUI0rEqK/.VqGOZTH.ulu33dHOiBE8ByOhJIrdAu2','0','0','127.0.0.1','2026-01-16 13:11:13','admin','2026-01-16 13:11:13','',NULL,'жөӢиҜ•е‘ҳ');
/*!40000 ALTER TABLE `sys_user` ENABLE KEYS */;
UNLOCK TABLES;

--
-- Table structure for table `sys_user_post`
--

DROP TABLE IF EXISTS `sys_user_post`;
/*!40101 SET @saved_cs_client     = @@character_set_client */;
/*!50503 SET character_set_client = utf8mb4 */;
CREATE TABLE `sys_user_post` (
  `user_id` bigint NOT NULL COMMENT 'з”ЁжҲ·ID',
  `post_id` bigint NOT NULL COMMENT 'еІ—дҪҚID',
  PRIMARY KEY (`user_id`,`post_id`)
) ENGINE=InnoDB DEFAULT CHARSET=utf8mb4 COLLATE=utf8mb4_general_ci COMMENT='з”ЁжҲ·дёҺеІ—дҪҚе…іиҒ”иЎЁ';
/*!40101 SET character_set_client = @saved_cs_client */;

--
-- Dumping data for table `sys_user_post`
--

LOCK TABLES `sys_user_post` WRITE;
/*!40000 ALTER TABLE `sys_user_post` DISABLE KEYS */;
INSERT INTO `sys_user_post` VALUES (1,1),(2,2);
/*!40000 ALTER TABLE `sys_user_post` ENABLE KEYS */;
UNLOCK TABLES;

--
-- Table structure for table `sys_user_role`
--

DROP TABLE IF EXISTS `sys_user_role`;
/*!40101 SET @saved_cs_client     = @@character_set_client */;
/*!50503 SET character_set_client = utf8mb4 */;
CREATE TABLE `sys_user_role` (
  `user_id` bigint NOT NULL COMMENT 'з”ЁжҲ·ID',
  `role_id` bigint NOT NULL COMMENT 'и§’иүІID',
  PRIMARY KEY (`user_id`,`role_id`)
) ENGINE=InnoDB DEFAULT CHARSET=utf8mb4 COLLATE=utf8mb4_general_ci COMMENT='з”ЁжҲ·е’Ңи§’иүІе…іиҒ”иЎЁ';
/*!40101 SET character_set_client = @saved_cs_client */;

--
-- Dumping data for table `sys_user_role`
--

LOCK TABLES `sys_user_role` WRITE;
/*!40000 ALTER TABLE `sys_user_role` DISABLE KEYS */;
INSERT INTO `sys_user_role` VALUES (1,1),(2,2);
/*!40000 ALTER TABLE `sys_user_role` ENABLE KEYS */;
UNLOCK TABLES;

--
-- Table structure for table `ueit_blood`
--

DROP TABLE IF EXISTS `ueit_blood`;
/*!40101 SET @saved_cs_client     = @@character_set_client */;
/*!50503 SET character_set_client = utf8mb4 */;
CREATE TABLE `ueit_blood` (
  `id` bigint NOT NULL AUTO_INCREMENT COMMENT 'ID',
  `user_id` bigint DEFAULT NULL COMMENT 'з”ЁжҲ·ID',
  `device_id` bigint DEFAULT NULL COMMENT 'и®ҫеӨҮID',
  `diastolic` int DEFAULT NULL COMMENT 'иҲ’еј еҺӢ',
  `systolic` int DEFAULT NULL COMMENT 'ж”¶зј©еҺӢ',
  `read_time` datetime DEFAULT NULL COMMENT 'иҜ»еҸ–ж—¶й—ҙ',
  `create_by` varchar(64) COLLATE utf8mb4_general_ci DEFAULT '' COMMENT 'еҲӣе»әиҖ…',
  `create_time` datetime DEFAULT NULL COMMENT 'еҲӣе»әж—¶й—ҙ',
  `update_by` varchar(64) COLLATE utf8mb4_general_ci DEFAULT '' COMMENT 'жӣҙж–°иҖ…',
  `update_time` datetime DEFAULT NULL COMMENT 'жӣҙж–°ж—¶й—ҙ',
  PRIMARY KEY (`id`)
) ENGINE=InnoDB AUTO_INCREMENT=100 DEFAULT CHARSET=utf8mb4 COLLATE=utf8mb4_general_ci COMMENT='иЎҖеҺӢж•°жҚ®иЎЁ';
/*!40101 SET character_set_client = @saved_cs_client */;

--
-- Dumping data for table `ueit_blood`
--

LOCK TABLES `ueit_blood` WRITE;
/*!40000 ALTER TABLE `ueit_blood` DISABLE KEYS */;
/*!40000 ALTER TABLE `ueit_blood` ENABLE KEYS */;
UNLOCK TABLES;

--
-- Table structure for table `ueit_detection_enhanced`
--

DROP TABLE IF EXISTS `ueit_detection_enhanced`;
/*!40101 SET @saved_cs_client     = @@character_set_client */;
/*!50503 SET character_set_client = utf8mb4 */;
CREATE TABLE `ueit_detection_enhanced` (
  `id` bigint NOT NULL AUTO_INCREMENT COMMENT 'ID',
  `user_id` bigint DEFAULT NULL COMMENT 'з”ЁжҲ·ID',
  `device_id` bigint DEFAULT NULL COMMENT 'и®ҫеӨҮID',
  `is_fall` tinyint(1) DEFAULT NULL COMMENT 'жҳҜеҗҰи·ҢеҖ’(1жҳҜ 0еҗҰ)',
  `confidence` decimal(5,2) DEFAULT NULL COMMENT 'зҪ®дҝЎеәҰ',
  `severity` varchar(20) DEFAULT NULL COMMENT 'дёҘйҮҚзЁӢеәҰ',
  `reasoning` text COMMENT 'AIжҺЁзҗҶеҲҶжһҗ',
  `recommendation` text COMMENT 'AIе»әи®®',
  `original_data` json DEFAULT NULL COMMENT 'еҺҹе§Ӣдј ж„ҹеҷЁж•°жҚ®',
  `create_time` datetime DEFAULT NULL COMMENT 'еҲӣе»әж—¶й—ҙ',
  PRIMARY KEY (`id`)
) ENGINE=InnoDB AUTO_INCREMENT=100 DEFAULT CHARSET=utf8mb4 COLLATE=utf8mb4_0900_ai_ci COMMENT='AIеўһејәжЈҖжөӢи®°еҪ•иЎЁ';
/*!40101 SET character_set_client = @saved_cs_client */;

--
-- Dumping data for table `ueit_detection_enhanced`
--

LOCK TABLES `ueit_detection_enhanced` WRITE;
/*!40000 ALTER TABLE `ueit_detection_enhanced` DISABLE KEYS */;
/*!40000 ALTER TABLE `ueit_detection_enhanced` ENABLE KEYS */;
UNLOCK TABLES;

--
-- Table structure for table `ueit_device_info`
--

DROP TABLE IF EXISTS `ueit_device_info`;
/*!40101 SET @saved_cs_client     = @@character_set_client */;
/*!50503 SET character_set_client = utf8mb4 */;
CREATE TABLE `ueit_device_info` (
  `id` bigint NOT NULL AUTO_INCREMENT COMMENT 'ID',
  `user_id` bigint DEFAULT NULL COMMENT 'з”ЁжҲ·ID',
  `name` varchar(100) COLLATE utf8mb4_general_ci DEFAULT '' COMMENT 'и®ҫеӨҮеҗҚз§°',
  `imei` varchar(100) COLLATE utf8mb4_general_ci DEFAULT '' COMMENT 'IMEIдҝЎжҒҜ',
  `type` varchar(50) COLLATE utf8mb4_general_ci DEFAULT '' COMMENT 'и®ҫеӨҮеһӢеҸ·',
  `create_by` varchar(64) COLLATE utf8mb4_general_ci DEFAULT '' COMMENT 'еҲӣе»әиҖ…',
  `create_time` datetime DEFAULT NULL COMMENT 'еҲӣе»әж—¶й—ҙ',
  `update_by` varchar(64) COLLATE utf8mb4_general_ci DEFAULT '' COMMENT 'жӣҙж–°иҖ…',
  `update_time` datetime DEFAULT NULL COMMENT 'жӣҙж–°ж—¶й—ҙ',
  PRIMARY KEY (`id`)
) ENGINE=InnoDB AUTO_INCREMENT=100 DEFAULT CHARSET=utf8mb4 COLLATE=utf8mb4_general_ci COMMENT='и®ҫеӨҮдҝЎжҒҜиЎЁ';
/*!40101 SET character_set_client = @saved_cs_client */;

--
-- Dumping data for table `ueit_device_info`
--

LOCK TABLES `ueit_device_info` WRITE;
/*!40000 ALTER TABLE `ueit_device_info` DISABLE KEYS */;
/*!40000 ALTER TABLE `ueit_device_info` ENABLE KEYS */;
UNLOCK TABLES;

--
-- Table structure for table `ueit_device_info_extend`
--

DROP TABLE IF EXISTS `ueit_device_info_extend`;
/*!40101 SET @saved_cs_client     = @@character_set_client */;
/*!50503 SET character_set_client = utf8mb4 */;
CREATE TABLE `ueit_device_info_extend` (
  `device_id` bigint NOT NULL COMMENT 'и®ҫеӨҮID',
  `last_communication_time` datetime DEFAULT NULL COMMENT 'жңҖеҗҺйҖҡи®Ҝж—¶й—ҙ',
  `battery_level` int DEFAULT NULL COMMENT 'з”өйҮҸ',
  `step` int DEFAULT NULL COMMENT 'жӯҘж•°',
  `alarm_content` varchar(255) COLLATE utf8mb4_general_ci DEFAULT NULL COMMENT 'жңҖиҝ‘е‘ҠиӯҰеҶ…е®№',
  `alarm_time` datetime DEFAULT NULL COMMENT 'жңҖиҝ‘е‘ҠиӯҰж—¶й—ҙ',
  `temp` float DEFAULT NULL COMMENT 'дҪ“жё©',
  `temp_time` datetime DEFAULT NULL COMMENT 'дҪ“жё©жөӢйҮҸж—¶й—ҙ',
  `heart_rate` float DEFAULT NULL COMMENT 'еҝғзҺҮ',
  `heart_rate_time` datetime DEFAULT NULL COMMENT 'еҝғзҺҮжөӢйҮҸж—¶й—ҙ',
  `blood_diastolic` int DEFAULT NULL COMMENT 'иҲ’еј еҺӢ',
  `blood_systolic` int DEFAULT NULL COMMENT 'ж”¶зј©еҺӢ',
  `blood_time` datetime DEFAULT NULL COMMENT 'иЎҖеҺӢжөӢйҮҸж—¶й—ҙ',
  `spo2` float DEFAULT NULL COMMENT 'иЎҖж°§',
  `spo2_time` datetime DEFAULT NULL COMMENT 'иЎҖж°§жөӢйҮҸж—¶й—ҙ',
  `longitude` varchar(50) COLLATE utf8mb4_general_ci DEFAULT NULL COMMENT 'з»ҸеәҰ',
  `latitude` varchar(50) COLLATE utf8mb4_general_ci DEFAULT NULL COMMENT 'зә¬еәҰ',
  `location` varchar(255) COLLATE utf8mb4_general_ci DEFAULT NULL COMMENT 'иҜҰз»Ҷең°еқҖ',
  `type` varchar(50) COLLATE utf8mb4_general_ci DEFAULT NULL COMMENT 'е®ҡдҪҚж–№ејҸ',
  `positioning_time` datetime DEFAULT NULL COMMENT 'е®ҡдҪҚж—¶й—ҙ',
  `create_by` varchar(64) COLLATE utf8mb4_general_ci DEFAULT '' COMMENT 'еҲӣе»әиҖ…',
  `create_time` datetime DEFAULT NULL COMMENT 'еҲӣе»әж—¶й—ҙ',
  `update_by` varchar(64) COLLATE utf8mb4_general_ci DEFAULT '' COMMENT 'жӣҙж–°иҖ…',
  `update_time` datetime DEFAULT NULL COMMENT 'жӣҙж–°ж—¶й—ҙ',
  PRIMARY KEY (`device_id`)
) ENGINE=InnoDB DEFAULT CHARSET=utf8mb4 COLLATE=utf8mb4_general_ci COMMENT='и®ҫеӨҮдҝЎжҒҜжү©еұ•иЎЁ';
/*!40101 SET character_set_client = @saved_cs_client */;

--
-- Dumping data for table `ueit_device_info_extend`
--

LOCK TABLES `ueit_device_info_extend` WRITE;
/*!40000 ALTER TABLE `ueit_device_info_extend` DISABLE KEYS */;
/*!40000 ALTER TABLE `ueit_device_info_extend` ENABLE KEYS */;
UNLOCK TABLES;

--
-- Table structure for table `ueit_exception`
--

DROP TABLE IF EXISTS `ueit_exception`;
/*!40101 SET @saved_cs_client     = @@character_set_client */;
/*!50503 SET character_set_client = utf8mb4 */;
CREATE TABLE `ueit_exception` (
  `id` bigint NOT NULL AUTO_INCREMENT COMMENT 'ID',
  `user_id` bigint DEFAULT NULL COMMENT 'ејӮеёёдәәе‘ҳID',
  `user_id_who` bigint DEFAULT NULL COMMENT 'ејӮеёёдәәе‘ҳID(и°Ғ)',
  `device_id` bigint DEFAULT NULL COMMENT 'ејӮеёёжқҘжәҗи®ҫеӨҮID',
  `type` varchar(50) COLLATE utf8mb4_general_ci DEFAULT NULL COMMENT 'ејӮеёёзұ»еһӢ',
  `value` varchar(255) COLLATE utf8mb4_general_ci DEFAULT NULL COMMENT 'ејӮеёёж•°еҖј',
  `longitude` decimal(20,6) DEFAULT NULL COMMENT 'з»ҸеәҰ',
  `latitude` decimal(20,6) DEFAULT NULL COMMENT 'зә¬еәҰ',
  `state` varchar(10) COLLATE utf8mb4_general_ci DEFAULT '0' COMMENT 'зҠ¶жҖҒпјҲ0жңӘеӨ„зҗҶгҖҒ1е·ІеӨ„зҗҶпјү',
  `update_content` varchar(255) COLLATE utf8mb4_general_ci DEFAULT NULL COMMENT 'еӨ„зҗҶиҜҙжҳҺ',
  `location` varchar(255) COLLATE utf8mb4_general_ci DEFAULT NULL COMMENT 'жүҖеңЁең°еқҖ',
  `read_time` datetime DEFAULT NULL COMMENT 'иҜ»еҸ–ж—¶й—ҙ',
  `nick_name` varchar(50) COLLATE utf8mb4_general_ci DEFAULT NULL COMMENT 'жҳөз§°',
  `sex` char(1) COLLATE utf8mb4_general_ci DEFAULT '0' COMMENT 'з”ЁжҲ·жҖ§еҲ«пјҲ0з”· 1еҘі 2жңӘзҹҘпјү',
  `phone` varchar(11) COLLATE utf8mb4_general_ci DEFAULT NULL COMMENT 'жүӢжңәеҸ·з Ғ',
  `age` int DEFAULT NULL COMMENT 'е№ҙйҫ„',
  `create_by` varchar(64) COLLATE utf8mb4_general_ci DEFAULT '' COMMENT 'еҲӣе»әиҖ…',
  `create_time` datetime DEFAULT NULL COMMENT 'еҲӣе»әж—¶й—ҙ',
  `update_by` varchar(64) COLLATE utf8mb4_general_ci DEFAULT '' COMMENT 'жӣҙж–°иҖ…',
  `update_time` datetime DEFAULT NULL COMMENT 'жӣҙж–°ж—¶й—ҙ',
  `update_by_who` varchar(64) COLLATE utf8mb4_general_ci DEFAULT '' COMMENT 'жӣҙж–°иҖ…(и°Ғ)',
  `update_time_who` datetime DEFAULT NULL COMMENT 'жӣҙж–°ж—¶й—ҙ(и°Ғ)',
  `start_create_time` datetime DEFAULT NULL COMMENT 'ејҖе§ӢеҲӣе»әж—¶й—ҙ',
  `end_create_time` datetime DEFAULT NULL COMMENT 'з»“жқҹеҲӣе»әж—¶й—ҙ',
  PRIMARY KEY (`id`)
) ENGINE=InnoDB AUTO_INCREMENT=100 DEFAULT CHARSET=utf8mb4 COLLATE=utf8mb4_general_ci COMMENT='ејӮеёёж•°жҚ®иЎЁ';
/*!40101 SET character_set_client = @saved_cs_client */;

--
-- Dumping data for table `ueit_exception`
--

LOCK TABLES `ueit_exception` WRITE;
/*!40000 ALTER TABLE `ueit_exception` DISABLE KEYS */;
/*!40000 ALTER TABLE `ueit_exception` ENABLE KEYS */;
UNLOCK TABLES;

--
-- Table structure for table `ueit_fence`
--

DROP TABLE IF EXISTS `ueit_fence`;
/*!40101 SET @saved_cs_client     = @@character_set_client */;
/*!50503 SET character_set_client = utf8mb4 */;
CREATE TABLE `ueit_fence` (
  `id` bigint NOT NULL AUTO_INCREMENT COMMENT 'ID',
  `user_id` bigint DEFAULT NULL COMMENT 'з”ЁжҲ·ID',
  `name` varchar(100) COLLATE utf8mb4_general_ci DEFAULT '' COMMENT 'еӣҙж ҸеҗҚз§°',
  `fence_type` varchar(50) COLLATE utf8mb4_general_ci DEFAULT '' COMMENT 'еӣҙж Ҹзұ»еһӢ',
  `detail` text COLLATE utf8mb4_general_ci COMMENT 'еӣҙж ҸиҜҰжғ…',
  `radius` varchar(50) COLLATE utf8mb4_general_ci DEFAULT NULL COMMENT 'еҚҠеҫ„',
  `warn_type` varchar(10) COLLATE utf8mb4_general_ci DEFAULT NULL COMMENT 'жҠҘиӯҰзұ»еһӢпјҡ1иҝӣе…Ҙпјӣ2зҰ»ејҖпјӣ3иҝӣе…Ҙ&зҰ»ејҖ',
  `status` varchar(10) COLLATE utf8mb4_general_ci DEFAULT '1' COMMENT 'еӣҙж ҸзҠ¶жҖҒпјҡ1з”ҹж•Ҳпјӣ2еӨұж•Ҳ',
  `longitude` varchar(50) COLLATE utf8mb4_general_ci DEFAULT NULL COMMENT 'з»ҸеәҰ',
  `latitude` varchar(50) COLLATE utf8mb4_general_ci DEFAULT NULL COMMENT 'зә¬еәҰ',
  `shape` varchar(50) COLLATE utf8mb4_general_ci DEFAULT NULL COMMENT 'еӣҙж ҸеҪўзҠ¶',
  `level` varchar(10) COLLATE utf8mb4_general_ci DEFAULT NULL COMMENT 'жҠҘиӯҰзӯүзә§пјҡ1зәўпјӣ2ж©ҷпјӣ3й»„',
  `begin_read_time` datetime DEFAULT NULL COMMENT 'ејҖе§ӢжҠҘиӯҰж—¶й—ҙ',
  `end_read_time` datetime DEFAULT NULL COMMENT 'з»“жқҹжҠҘиӯҰж—¶й—ҙ',
  `create_by` varchar(64) COLLATE utf8mb4_general_ci DEFAULT '' COMMENT 'еҲӣе»әиҖ…',
  `create_time` datetime DEFAULT NULL COMMENT 'еҲӣе»әж—¶й—ҙ',
  `update_by` varchar(64) COLLATE utf8mb4_general_ci DEFAULT '' COMMENT 'жӣҙж–°иҖ…',
  `update_time` datetime DEFAULT NULL COMMENT 'жӣҙж–°ж—¶й—ҙ',
  PRIMARY KEY (`id`)
) ENGINE=InnoDB AUTO_INCREMENT=100 DEFAULT CHARSET=utf8mb4 COLLATE=utf8mb4_general_ci COMMENT='еӣҙж ҸиЎЁ';
/*!40101 SET character_set_client = @saved_cs_client */;

--
-- Dumping data for table `ueit_fence`
--

LOCK TABLES `ueit_fence` WRITE;
/*!40000 ALTER TABLE `ueit_fence` DISABLE KEYS */;
/*!40000 ALTER TABLE `ueit_fence` ENABLE KEYS */;
UNLOCK TABLES;

--
-- Table structure for table `ueit_heart_rate`
--

DROP TABLE IF EXISTS `ueit_heart_rate`;
/*!40101 SET @saved_cs_client     = @@character_set_client */;
/*!50503 SET character_set_client = utf8mb4 */;
CREATE TABLE `ueit_heart_rate` (
  `id` bigint NOT NULL AUTO_INCREMENT COMMENT 'ID',
  `user_id` bigint DEFAULT NULL COMMENT 'з”ЁжҲ·ID',
  `device_id` bigint DEFAULT NULL COMMENT 'и®ҫеӨҮID',
  `value` float DEFAULT NULL COMMENT 'еҝғзҺҮеҖј',
  `read_time` datetime DEFAULT NULL COMMENT 'иҜ»еҸ–ж—¶й—ҙ',
  `create_by` varchar(64) COLLATE utf8mb4_general_ci DEFAULT '' COMMENT 'еҲӣе»әиҖ…',
  `create_time` datetime DEFAULT NULL COMMENT 'еҲӣе»әж—¶й—ҙ',
  `update_by` varchar(64) COLLATE utf8mb4_general_ci DEFAULT '' COMMENT 'жӣҙж–°иҖ…',
  `update_time` datetime DEFAULT NULL COMMENT 'жӣҙж–°ж—¶й—ҙ',
  PRIMARY KEY (`id`)
) ENGINE=InnoDB AUTO_INCREMENT=100 DEFAULT CHARSET=utf8mb4 COLLATE=utf8mb4_general_ci COMMENT='еҝғзҺҮж•°жҚ®иЎЁ';
/*!40101 SET character_set_client = @saved_cs_client */;

--
-- Dumping data for table `ueit_heart_rate`
--

LOCK TABLES `ueit_heart_rate` WRITE;
/*!40000 ALTER TABLE `ueit_heart_rate` DISABLE KEYS */;
/*!40000 ALTER TABLE `ueit_heart_rate` ENABLE KEYS */;
UNLOCK TABLES;

--
-- Table structure for table `ueit_location`
--

DROP TABLE IF EXISTS `ueit_location`;
/*!40101 SET @saved_cs_client     = @@character_set_client */;
/*!50503 SET character_set_client = utf8mb4 */;
CREATE TABLE `ueit_location` (
  `id` bigint NOT NULL AUTO_INCREMENT COMMENT 'ID',
  `user_id` bigint DEFAULT NULL COMMENT 'з”ЁжҲ·ID',
  `device_id` bigint DEFAULT NULL COMMENT 'и®ҫеӨҮID',
  `accuracy` bigint DEFAULT NULL COMMENT 'зІҫеәҰ',
  `altitude` bigint DEFAULT NULL COMMENT 'й«ҳеәҰ',
  `latitude` varchar(50) COLLATE utf8mb4_general_ci DEFAULT NULL COMMENT 'зә¬еәҰ',
  `longitude` varchar(50) COLLATE utf8mb4_general_ci DEFAULT NULL COMMENT 'з»ҸеәҰ',
  `location` varchar(255) COLLATE utf8mb4_general_ci DEFAULT NULL COMMENT 'иҜҰз»Ҷең°еқҖ',
  `read_time` datetime DEFAULT NULL COMMENT 'иҜ»еҸ–ж—¶й—ҙ',
  `type` varchar(50) COLLATE utf8mb4_general_ci DEFAULT NULL COMMENT 'е®ҡдҪҚж–№ејҸ',
  `create_by` varchar(64) COLLATE utf8mb4_general_ci DEFAULT '' COMMENT 'еҲӣе»әиҖ…',
  `create_time` datetime DEFAULT NULL COMMENT 'еҲӣе»әж—¶й—ҙ',
  `update_by` varchar(64) COLLATE utf8mb4_general_ci DEFAULT '' COMMENT 'жӣҙж–°иҖ…',
  `update_time` datetime DEFAULT NULL COMMENT 'жӣҙж–°ж—¶й—ҙ',
  PRIMARY KEY (`id`)
) ENGINE=InnoDB AUTO_INCREMENT=100 DEFAULT CHARSET=utf8mb4 COLLATE=utf8mb4_general_ci COMMENT='е®ҡдҪҚж•°жҚ®иЎЁ';
/*!40101 SET character_set_client = @saved_cs_client */;

--
-- Dumping data for table `ueit_location`
--

LOCK TABLES `ueit_location` WRITE;
/*!40000 ALTER TABLE `ueit_location` DISABLE KEYS */;
/*!40000 ALTER TABLE `ueit_location` ENABLE KEYS */;
UNLOCK TABLES;

--
-- Table structure for table `ueit_spo2`
--

DROP TABLE IF EXISTS `ueit_spo2`;
/*!40101 SET @saved_cs_client     = @@character_set_client */;
/*!50503 SET character_set_client = utf8mb4 */;
CREATE TABLE `ueit_spo2` (
  `id` bigint NOT NULL AUTO_INCREMENT COMMENT 'ID',
  `user_id` bigint DEFAULT NULL COMMENT 'з”ЁжҲ·ID',
  `device_id` bigint DEFAULT NULL COMMENT 'и®ҫеӨҮID',
  `value` float DEFAULT NULL COMMENT 'иЎҖж°§еҖј',
  `read_time` datetime DEFAULT NULL COMMENT 'иҜ»еҸ–ж—¶й—ҙ',
  `create_by` varchar(64) COLLATE utf8mb4_general_ci DEFAULT '' COMMENT 'еҲӣе»әиҖ…',
  `create_time` datetime DEFAULT NULL COMMENT 'еҲӣе»әж—¶й—ҙ',
  `update_by` varchar(64) COLLATE utf8mb4_general_ci DEFAULT '' COMMENT 'жӣҙж–°иҖ…',
  `update_time` datetime DEFAULT NULL COMMENT 'жӣҙж–°ж—¶й—ҙ',
  PRIMARY KEY (`id`)
) ENGINE=InnoDB AUTO_INCREMENT=100 DEFAULT CHARSET=utf8mb4 COLLATE=utf8mb4_general_ci COMMENT='иЎҖж°§ж•°жҚ®иЎЁ';
/*!40101 SET character_set_client = @saved_cs_client */;

--
-- Dumping data for table `ueit_spo2`
--

LOCK TABLES `ueit_spo2` WRITE;
/*!40000 ALTER TABLE `ueit_spo2` DISABLE KEYS */;
/*!40000 ALTER TABLE `ueit_spo2` ENABLE KEYS */;
UNLOCK TABLES;

--
-- Table structure for table `ueit_steps`
--

DROP TABLE IF EXISTS `ueit_steps`;
/*!40101 SET @saved_cs_client     = @@character_set_client */;
/*!50503 SET character_set_client = utf8mb4 */;
CREATE TABLE `ueit_steps` (
  `id` bigint NOT NULL AUTO_INCREMENT COMMENT 'ID',
  `user_id` bigint DEFAULT NULL COMMENT 'з”ЁжҲ·ID',
  `device_id` bigint DEFAULT NULL COMMENT 'и®ҫеӨҮID',
  `date` date DEFAULT NULL COMMENT 'ж—Ҙжңҹ',
  `value` int DEFAULT NULL COMMENT 'жӯҘж•°еҖј',
  `calories` bigint DEFAULT NULL COMMENT 'еҚЎи·ҜйҮҢ',
  `date_time` datetime DEFAULT NULL COMMENT 'ж—Ҙжңҹж—¶й—ҙ',
  `read_time` datetime DEFAULT NULL COMMENT 'иҜ»еҸ–ж—¶й—ҙ',
  `create_by` varchar(64) COLLATE utf8mb4_general_ci DEFAULT '' COMMENT 'еҲӣе»әиҖ…',
  `create_time` datetime DEFAULT NULL COMMENT 'еҲӣе»әж—¶й—ҙ',
  `update_by` varchar(64) COLLATE utf8mb4_general_ci DEFAULT '' COMMENT 'жӣҙж–°иҖ…',
  `update_time` datetime DEFAULT NULL COMMENT 'жӣҙж–°ж—¶й—ҙ',
  PRIMARY KEY (`id`)
) ENGINE=InnoDB AUTO_INCREMENT=100 DEFAULT CHARSET=utf8mb4 COLLATE=utf8mb4_general_ci COMMENT='жӯҘж•°ж•°жҚ®иЎЁ';
/*!40101 SET character_set_client = @saved_cs_client */;

--
-- Dumping data for table `ueit_steps`
--

LOCK TABLES `ueit_steps` WRITE;
/*!40000 ALTER TABLE `ueit_steps` DISABLE KEYS */;
/*!40000 ALTER TABLE `ueit_steps` ENABLE KEYS */;
UNLOCK TABLES;

--
-- Table structure for table `ueit_temp`
--

DROP TABLE IF EXISTS `ueit_temp`;
/*!40101 SET @saved_cs_client     = @@character_set_client */;
/*!50503 SET character_set_client = utf8mb4 */;
CREATE TABLE `ueit_temp` (
  `id` bigint NOT NULL AUTO_INCREMENT COMMENT 'ID',
  `user_id` bigint DEFAULT NULL COMMENT 'з”ЁжҲ·ID',
  `device_id` bigint DEFAULT NULL COMMENT 'и®ҫеӨҮID',
  `value` float DEFAULT NULL COMMENT 'дҪ“жё©еҖј',
  `read_time` datetime DEFAULT NULL COMMENT 'иҜ»еҸ–ж—¶й—ҙ',
  `create_by` varchar(64) COLLATE utf8mb4_general_ci DEFAULT '' COMMENT 'еҲӣе»әиҖ…',
  `create_time` datetime DEFAULT NULL COMMENT 'еҲӣе»әж—¶й—ҙ',
  `update_by` varchar(64) COLLATE utf8mb4_general_ci DEFAULT '' COMMENT 'жӣҙж–°иҖ…',
  `update_time` datetime DEFAULT NULL COMMENT 'жӣҙж–°ж—¶й—ҙ',
  PRIMARY KEY (`id`)
) ENGINE=InnoDB AUTO_INCREMENT=100 DEFAULT CHARSET=utf8mb4 COLLATE=utf8mb4_general_ci COMMENT='дҪ“жё©ж•°жҚ®иЎЁ';
/*!40101 SET character_set_client = @saved_cs_client */;

--
-- Dumping data for table `ueit_temp`
--

LOCK TABLES `ueit_temp` WRITE;
/*!40000 ALTER TABLE `ueit_temp` DISABLE KEYS */;
/*!40000 ALTER TABLE `ueit_temp` ENABLE KEYS */;
UNLOCK TABLES;

--
-- Dumping events for database 'ueit_jkpt'
--

--
-- Dumping routines for database 'ueit_jkpt'
--
/*!40103 SET TIME_ZONE=@OLD_TIME_ZONE */;

/*!40101 SET SQL_MODE=@OLD_SQL_MODE */;
/*!40014 SET FOREIGN_KEY_CHECKS=@OLD_FOREIGN_KEY_CHECKS */;
/*!40014 SET UNIQUE_CHECKS=@OLD_UNIQUE_CHECKS */;
/*!40101 SET CHARACTER_SET_CLIENT=@OLD_CHARACTER_SET_CLIENT */;
/*!40101 SET CHARACTER_SET_RESULTS=@OLD_CHARACTER_SET_RESULTS */;
/*!40101 SET COLLATION_CONNECTION=@OLD_COLLATION_CONNECTION */;
/*!40111 SET SQL_NOTES=@OLD_SQL_NOTES */;

-- Dump completed on 2026-01-29 17:04:06
